[
	{
		"cargo": "ad",
		"setor": "0001"
	},
	{
		"cargo": "ad",
		"setor": "0002"
	},
	{
		"cargo": "ad",
		"setor": "0003"
	},
	{
		"cargo": "ad",
		"setor": "0004"
	},
	{
		"cargo": "ad",
		"setor": "0005"
	},
	{
		"cargo": "ad",
		"setor": "0006"
	},
	{
		"cargo": "ar",
		"setor": "0001"
	},
	{
		"cargo": "ar",
		"setor": "0002"
	},
	{
		"cargo": "as",
		"setor": "0001"
	},
	{
		"cargo": "as",
		"setor": "0002"
	},
	{
		"cargo": "as",
		"setor": "0003"
	},
	{
		"cargo": "as",
		"setor": "0004"
	},
	{
		"cargo": "as",
		"setor": "0005"
	},
	{
		"cargo": "as",
		"setor": "0006"
	},
	{
		"cargo": "as",
		"setor": "0007"
	},
	{
		"cargo": "as",
		"setor": "0008"
	},
	{
		"cargo": "as",
		"setor": "0009"
	},
	{
		"cargo": "as",
		"setor": "0010"
	},
	{
		"cargo": "as",
		"setor": "0011"
	},
	{
		"cargo": "as",
		"setor": "0012"
	},
	{
		"cargo": "di",
		"setor": "0009"
	},
	{
		"cargo": "gd",
		"setor": "1110"
	},
	{
		"cargo": "gd",
		"setor": "1120"
	},
	{
		"cargo": "gd",
		"setor": "1140"
	},
	{
		"cargo": "gd",
		"setor": "1150"
	},
	{
		"cargo": "gd",
		"setor": "1160"
	},
	{
		"cargo": "gd",
		"setor": "1170"
	},
	{
		"cargo": "gd",
		"setor": "1180"
	},
	{
		"cargo": "gd",
		"setor": "1190"
	},
	{
		"cargo": "gd",
		"setor": "1200"
	},
	{
		"cargo": "gd",
		"setor": "1230"
	},
	{
		"cargo": "gd",
		"setor": "1240"
	},
	{
		"cargo": "gd",
		"setor": "1250"
	},
	{
		"cargo": "gd",
		"setor": "1260"
	},
	{
		"cargo": "gd",
		"setor": "1270"
	},
	{
		"cargo": "gd",
		"setor": "1280"
	},
	{
		"cargo": "gd",
		"setor": "1290"
	},
	{
		"cargo": "gd",
		"setor": "1300"
	},
	{
		"cargo": "gd",
		"setor": "1320"
	},
	{
		"cargo": "gd",
		"setor": "1330"
	},
	{
		"cargo": "gd",
		"setor": "1340"
	},
	{
		"cargo": "gd",
		"setor": "1380"
	},
	{
		"cargo": "gd",
		"setor": "1390"
	},
	{
		"cargo": "gd",
		"setor": "1410"
	},
	{
		"cargo": "gd",
		"setor": "1450"
	},
	{
		"cargo": "gd",
		"setor": "1460"
	},
	{
		"cargo": "gd",
		"setor": "1470"
	},
	{
		"cargo": "gd",
		"setor": "1490"
	},
	{
		"cargo": "gd",
		"setor": "1510"
	},
	{
		"cargo": "gd",
		"setor": "1540"
	},
	{
		"cargo": "gd",
		"setor": "1550"
	},
	{
		"cargo": "gd",
		"setor": "1560"
	},
	{
		"cargo": "gd",
		"setor": "1570"
	},
	{
		"cargo": "gd",
		"setor": "1580"
	},
	{
		"cargo": "gd",
		"setor": "1590"
	},
	{
		"cargo": "gd",
		"setor": "1610"
	},
	{
		"cargo": "gd",
		"setor": "1620"
	},
	{
		"cargo": "gd",
		"setor": "1630"
	},
	{
		"cargo": "gd",
		"setor": "1670"
	},
	{
		"cargo": "gd",
		"setor": "1690"
	},
	{
		"cargo": "gd",
		"setor": "1710"
	},
	{
		"cargo": "gd",
		"setor": "1730"
	},
	{
		"cargo": "gd",
		"setor": "1740"
	},
	{
		"cargo": "gd",
		"setor": "1760"
	},
	{
		"cargo": "gd",
		"setor": "1770"
	},
	{
		"cargo": "gd",
		"setor": "1780"
	},
	{
		"cargo": "gd",
		"setor": "1790"
	},
	{
		"cargo": "gd",
		"setor": "1810"
	},
	{
		"cargo": "gd",
		"setor": "1820"
	},
	{
		"cargo": "gd",
		"setor": "1830"
	},
	{
		"cargo": "gd",
		"setor": "1840"
	},
	{
		"cargo": "gd",
		"setor": "1850"
	},
	{
		"cargo": "gd",
		"setor": "1890"
	},
	{
		"cargo": "gd",
		"setor": "1910"
	},
	{
		"cargo": "gd",
		"setor": "1940"
	},
	{
		"cargo": "gd",
		"setor": "1950"
	},
	{
		"cargo": "gd",
		"setor": "1960"
	},
	{
		"cargo": "gd",
		"setor": "1970"
	},
	{
		"cargo": "gd",
		"setor": "1980"
	},
	{
		"cargo": "gd",
		"setor": "1990"
	},
	{
		"cargo": "gd",
		"setor": "2003"
	},
	{
		"cargo": "gd",
		"setor": "2010"
	},
	{
		"cargo": "gd",
		"setor": "2020"
	},
	{
		"cargo": "gd",
		"setor": "2030"
	},
	{
		"cargo": "gd",
		"setor": "2040"
	},
	{
		"cargo": "gd",
		"setor": "2050"
	},
	{
		"cargo": "gd",
		"setor": "2060"
	},
	{
		"cargo": "gd",
		"setor": "2080"
	},
	{
		"cargo": "gd",
		"setor": "2090"
	},
	{
		"cargo": "gd",
		"setor": "2105"
	},
	{
		"cargo": "gd",
		"setor": "2110"
	},
	{
		"cargo": "gd",
		"setor": "2120"
	},
	{
		"cargo": "gd",
		"setor": "2130"
	},
	{
		"cargo": "gd",
		"setor": "2140"
	},
	{
		"cargo": "gd",
		"setor": "2150"
	},
	{
		"cargo": "gd",
		"setor": "2180"
	},
	{
		"cargo": "gd",
		"setor": "2210"
	},
	{
		"cargo": "gd",
		"setor": "2240"
	},
	{
		"cargo": "gd",
		"setor": "2250"
	},
	{
		"cargo": "gd",
		"setor": "2260"
	},
	{
		"cargo": "gd",
		"setor": "2270"
	},
	{
		"cargo": "gd",
		"setor": "2280"
	},
	{
		"cargo": "gd",
		"setor": "2290"
	},
	{
		"cargo": "gd",
		"setor": "2320"
	},
	{
		"cargo": "gd",
		"setor": "2330"
	},
	{
		"cargo": "gd",
		"setor": "2340"
	},
	{
		"cargo": "gd",
		"setor": "2350"
	},
	{
		"cargo": "gd",
		"setor": "2360"
	},
	{
		"cargo": "gd",
		"setor": "2370"
	},
	{
		"cargo": "gd",
		"setor": "2380"
	},
	{
		"cargo": "gd",
		"setor": "2390"
	},
	{
		"cargo": "gd",
		"setor": "2410"
	},
	{
		"cargo": "gd",
		"setor": "2420"
	},
	{
		"cargo": "gd",
		"setor": "2520"
	},
	{
		"cargo": "gd",
		"setor": "2530"
	},
	{
		"cargo": "gd",
		"setor": "2620"
	},
	{
		"cargo": "gd",
		"setor": "2630"
	},
	{
		"cargo": "gd",
		"setor": "2640"
	},
	{
		"cargo": "gd",
		"setor": "2650"
	},
	{
		"cargo": "gd",
		"setor": "2660"
	},
	{
		"cargo": "gd",
		"setor": "2670"
	},
	{
		"cargo": "gd",
		"setor": "2680"
	},
	{
		"cargo": "gd",
		"setor": "2690"
	},
	{
		"cargo": "gd",
		"setor": "3010"
	},
	{
		"cargo": "gd",
		"setor": "3030"
	},
	{
		"cargo": "gd",
		"setor": "3050"
	},
	{
		"cargo": "gd",
		"setor": "3070"
	},
	{
		"cargo": "gd",
		"setor": "3090"
	},
	{
		"cargo": "gd",
		"setor": "3250"
	},
	{
		"cargo": "gd",
		"setor": "3260"
	},
	{
		"cargo": "gd",
		"setor": "3270"
	},
	{
		"cargo": "gd",
		"setor": "3310"
	},
	{
		"cargo": "gd",
		"setor": "3320"
	},
	{
		"cargo": "gd",
		"setor": "3330"
	},
	{
		"cargo": "gd",
		"setor": "3420"
	},
	{
		"cargo": "gd",
		"setor": "3440"
	},
	{
		"cargo": "gd",
		"setor": "3450"
	},
	{
		"cargo": "gd",
		"setor": "3510"
	},
	{
		"cargo": "gd",
		"setor": "3520"
	},
	{
		"cargo": "gd",
		"setor": "3550"
	},
	{
		"cargo": "gd",
		"setor": "3610"
	},
	{
		"cargo": "gd",
		"setor": "3710"
	},
	{
		"cargo": "gd",
		"setor": "3720"
	},
	{
		"cargo": "gd",
		"setor": "3770"
	},
	{
		"cargo": "gd",
		"setor": "3830"
	},
	{
		"cargo": "gd",
		"setor": "3920"
	},
	{
		"cargo": "gd",
		"setor": "3950"
	},
	{
		"cargo": "gd",
		"setor": "3960"
	},
	{
		"cargo": "gd",
		"setor": "3970"
	},
	{
		"cargo": "gd",
		"setor": "3980"
	},
	{
		"cargo": "gd",
		"setor": "4000"
	},
	{
		"cargo": "gd",
		"setor": "4020"
	},
	{
		"cargo": "gd",
		"setor": "4030"
	},
	{
		"cargo": "gd",
		"setor": "4040"
	},
	{
		"cargo": "gd",
		"setor": "4050"
	},
	{
		"cargo": "gd",
		"setor": "4060"
	},
	{
		"cargo": "gd",
		"setor": "4070"
	},
	{
		"cargo": "gd",
		"setor": "4080"
	},
	{
		"cargo": "gd",
		"setor": "4090"
	},
	{
		"cargo": "gd",
		"setor": "4100"
	},
	{
		"cargo": "gd",
		"setor": "4110"
	},
	{
		"cargo": "gd",
		"setor": "4120"
	},
	{
		"cargo": "gd",
		"setor": "4140"
	},
	{
		"cargo": "gd",
		"setor": "4150"
	},
	{
		"cargo": "gd",
		"setor": "4160"
	},
	{
		"cargo": "gd",
		"setor": "4170"
	},
	{
		"cargo": "gd",
		"setor": "4180"
	},
	{
		"cargo": "gd",
		"setor": "4190"
	},
	{
		"cargo": "gd",
		"setor": "4200"
	},
	{
		"cargo": "gd",
		"setor": "4220"
	},
	{
		"cargo": "gd",
		"setor": "4230"
	},
	{
		"cargo": "gd",
		"setor": "4240"
	},
	{
		"cargo": "gd",
		"setor": "4250"
	},
	{
		"cargo": "gd",
		"setor": "4270"
	},
	{
		"cargo": "gd",
		"setor": "4280"
	},
	{
		"cargo": "gd",
		"setor": "4290"
	},
	{
		"cargo": "gd",
		"setor": "4300"
	},
	{
		"cargo": "gd",
		"setor": "4310"
	},
	{
		"cargo": "gd",
		"setor": "4320"
	},
	{
		"cargo": "gd",
		"setor": "4330"
	},
	{
		"cargo": "gd",
		"setor": "4340"
	},
	{
		"cargo": "gd",
		"setor": "4350"
	},
	{
		"cargo": "gd",
		"setor": "4360"
	},
	{
		"cargo": "gd",
		"setor": "4370"
	},
	{
		"cargo": "gd",
		"setor": "4380"
	},
	{
		"cargo": "gd",
		"setor": "4390"
	},
	{
		"cargo": "gm",
		"setor": "0001"
	},
	{
		"cargo": "gm",
		"setor": "0002"
	},
	{
		"cargo": "gm",
		"setor": "0003"
	},
	{
		"cargo": "gn",
		"setor": "0020"
	},
	{
		"cargo": "gn",
		"setor": "0023"
	},
	{
		"cargo": "gn",
		"setor": "0024"
	},
	{
		"cargo": "gn",
		"setor": "0036"
	},
	{
		"cargo": "gp",
		"setor": "0001"
	},
	{
		"cargo": "gp",
		"setor": "0002"
	},
	{
		"cargo": "gp",
		"setor": "0003"
	},
	{
		"cargo": "gp",
		"setor": "0004"
	},
	{
		"cargo": "gp",
		"setor": "0005"
	},
	{
		"cargo": "gp",
		"setor": "0006"
	},
	{
		"cargo": "gp",
		"setor": "0007"
	},
	{
		"cargo": "gp",
		"setor": "0008"
	},
	{
		"cargo": "gp",
		"setor": "0009"
	},
	{
		"cargo": "gr",
		"setor": "0011"
	},
	{
		"cargo": "gr",
		"setor": "0012"
	},
	{
		"cargo": "gr",
		"setor": "0013"
	},
	{
		"cargo": "gr",
		"setor": "0015"
	},
	{
		"cargo": "gr",
		"setor": "0016"
	},
	{
		"cargo": "gr",
		"setor": "0017"
	},
	{
		"cargo": "gr",
		"setor": "0019"
	},
	{
		"cargo": "gr",
		"setor": "0022"
	},
	{
		"cargo": "gr",
		"setor": "0025"
	},
	{
		"cargo": "gr",
		"setor": "0026"
	},
	{
		"cargo": "gr",
		"setor": "0027"
	},
	{
		"cargo": "gr",
		"setor": "0028"
	},
	{
		"cargo": "gr",
		"setor": "0029"
	},
	{
		"cargo": "gr",
		"setor": "0030"
	},
	{
		"cargo": "gr",
		"setor": "0031"
	},
	{
		"cargo": "gr",
		"setor": "0033"
	},
	{
		"cargo": "gr",
		"setor": "0034"
	},
	{
		"cargo": "gr",
		"setor": "0035"
	},
	{
		"cargo": "gt",
		"setor": "0001"
	},
	{
		"cargo": "gt",
		"setor": "0002"
	},
	{
		"cargo": "gt",
		"setor": "0003"
	},
	{
		"cargo": "gt",
		"setor": "0004"
	},
	{
		"cargo": "gt",
		"setor": "0005"
	},
	{
		"cargo": "gt",
		"setor": "0006"
	},
	{
		"cargo": "pa",
		"setor": "1154"
	},
	{
		"cargo": "pa",
		"setor": "1173"
	},
	{
		"cargo": "pa",
		"setor": "1183"
	},
	{
		"cargo": "pa",
		"setor": "2136"
	},
	{
		"cargo": "pa",
		"setor": "2205"
	},
	{
		"cargo": "pa",
		"setor": "3987"
	},
	{
		"cargo": "pr",
		"setor": "0001"
	},
	{
		"cargo": "pv",
		"setor": "1102"
	},
	{
		"cargo": "pv",
		"setor": "1103"
	},
	{
		"cargo": "pv",
		"setor": "1105"
	},
	{
		"cargo": "pv",
		"setor": "1106"
	},
	{
		"cargo": "pv",
		"setor": "1108"
	},
	{
		"cargo": "pv",
		"setor": "1109"
	},
	{
		"cargo": "pv",
		"setor": "1111"
	},
	{
		"cargo": "pv",
		"setor": "1112"
	},
	{
		"cargo": "pv",
		"setor": "1114"
	},
	{
		"cargo": "pv",
		"setor": "1117"
	},
	{
		"cargo": "pv",
		"setor": "1121"
	},
	{
		"cargo": "pv",
		"setor": "1123"
	},
	{
		"cargo": "pv",
		"setor": "1125"
	},
	{
		"cargo": "pv",
		"setor": "1127"
	},
	{
		"cargo": "pv",
		"setor": "1129"
	},
	{
		"cargo": "pv",
		"setor": "1132"
	},
	{
		"cargo": "pv",
		"setor": "1136"
	},
	{
		"cargo": "pv",
		"setor": "1137"
	},
	{
		"cargo": "pv",
		"setor": "1138"
	},
	{
		"cargo": "pv",
		"setor": "1139"
	},
	{
		"cargo": "pv",
		"setor": "1141"
	},
	{
		"cargo": "pv",
		"setor": "1142"
	},
	{
		"cargo": "pv",
		"setor": "1143"
	},
	{
		"cargo": "pv",
		"setor": "1148"
	},
	{
		"cargo": "pv",
		"setor": "1149"
	},
	{
		"cargo": "pv",
		"setor": "1151"
	},
	{
		"cargo": "pv",
		"setor": "1155"
	},
	{
		"cargo": "pv",
		"setor": "1156"
	},
	{
		"cargo": "pv",
		"setor": "1157"
	},
	{
		"cargo": "pv",
		"setor": "1159"
	},
	{
		"cargo": "pv",
		"setor": "1161"
	},
	{
		"cargo": "pv",
		"setor": "1163"
	},
	{
		"cargo": "pv",
		"setor": "1166"
	},
	{
		"cargo": "pv",
		"setor": "1168"
	},
	{
		"cargo": "pv",
		"setor": "1171"
	},
	{
		"cargo": "pv",
		"setor": "1174"
	},
	{
		"cargo": "pv",
		"setor": "1175"
	},
	{
		"cargo": "pv",
		"setor": "1177"
	},
	{
		"cargo": "pv",
		"setor": "1181"
	},
	{
		"cargo": "pv",
		"setor": "1182"
	},
	{
		"cargo": "pv",
		"setor": "1186"
	},
	{
		"cargo": "pv",
		"setor": "1187"
	},
	{
		"cargo": "pv",
		"setor": "1191"
	},
	{
		"cargo": "pv",
		"setor": "1194"
	},
	{
		"cargo": "pv",
		"setor": "1196"
	},
	{
		"cargo": "pv",
		"setor": "1197"
	},
	{
		"cargo": "pv",
		"setor": "1199"
	},
	{
		"cargo": "pv",
		"setor": "1201"
	},
	{
		"cargo": "pv",
		"setor": "1202"
	},
	{
		"cargo": "pv",
		"setor": "1203"
	},
	{
		"cargo": "pv",
		"setor": "1204"
	},
	{
		"cargo": "pv",
		"setor": "1205"
	},
	{
		"cargo": "pv",
		"setor": "1206"
	},
	{
		"cargo": "pv",
		"setor": "1207"
	},
	{
		"cargo": "pv",
		"setor": "1208"
	},
	{
		"cargo": "pv",
		"setor": "1209"
	},
	{
		"cargo": "pv",
		"setor": "1212"
	},
	{
		"cargo": "pv",
		"setor": "1215"
	},
	{
		"cargo": "pv",
		"setor": "1217"
	},
	{
		"cargo": "pv",
		"setor": "1219"
	},
	{
		"cargo": "pv",
		"setor": "1222"
	},
	{
		"cargo": "pv",
		"setor": "1223"
	},
	{
		"cargo": "pv",
		"setor": "1225"
	},
	{
		"cargo": "pv",
		"setor": "1227"
	},
	{
		"cargo": "pv",
		"setor": "1232"
	},
	{
		"cargo": "pv",
		"setor": "1236"
	},
	{
		"cargo": "pv",
		"setor": "1237"
	},
	{
		"cargo": "pv",
		"setor": "1238"
	},
	{
		"cargo": "pv",
		"setor": "1242"
	},
	{
		"cargo": "pv",
		"setor": "1244"
	},
	{
		"cargo": "pv",
		"setor": "1246"
	},
	{
		"cargo": "pv",
		"setor": "1247"
	},
	{
		"cargo": "pv",
		"setor": "1252"
	},
	{
		"cargo": "pv",
		"setor": "1254"
	},
	{
		"cargo": "pv",
		"setor": "1256"
	},
	{
		"cargo": "pv",
		"setor": "1258"
	},
	{
		"cargo": "pv",
		"setor": "1261"
	},
	{
		"cargo": "pv",
		"setor": "1263"
	},
	{
		"cargo": "pv",
		"setor": "1265"
	},
	{
		"cargo": "pv",
		"setor": "1267"
	},
	{
		"cargo": "pv",
		"setor": "1272"
	},
	{
		"cargo": "pv",
		"setor": "1274"
	},
	{
		"cargo": "pv",
		"setor": "1275"
	},
	{
		"cargo": "pv",
		"setor": "1277"
	},
	{
		"cargo": "pv",
		"setor": "1279"
	},
	{
		"cargo": "pv",
		"setor": "1282"
	},
	{
		"cargo": "pv",
		"setor": "1284"
	},
	{
		"cargo": "pv",
		"setor": "1285"
	},
	{
		"cargo": "pv",
		"setor": "1288"
	},
	{
		"cargo": "pv",
		"setor": "1294"
	},
	{
		"cargo": "pv",
		"setor": "1296"
	},
	{
		"cargo": "pv",
		"setor": "1297"
	},
	{
		"cargo": "pv",
		"setor": "1298"
	},
	{
		"cargo": "pv",
		"setor": "1301"
	},
	{
		"cargo": "pv",
		"setor": "1302"
	},
	{
		"cargo": "pv",
		"setor": "1303"
	},
	{
		"cargo": "pv",
		"setor": "1304"
	},
	{
		"cargo": "pv",
		"setor": "1305"
	},
	{
		"cargo": "pv",
		"setor": "1306"
	},
	{
		"cargo": "pv",
		"setor": "1307"
	},
	{
		"cargo": "pv",
		"setor": "1308"
	},
	{
		"cargo": "pv",
		"setor": "1309"
	},
	{
		"cargo": "pv",
		"setor": "1312"
	},
	{
		"cargo": "pv",
		"setor": "1314"
	},
	{
		"cargo": "pv",
		"setor": "1316"
	},
	{
		"cargo": "pv",
		"setor": "1318"
	},
	{
		"cargo": "pv",
		"setor": "1322"
	},
	{
		"cargo": "pv",
		"setor": "1324"
	},
	{
		"cargo": "pv",
		"setor": "1326"
	},
	{
		"cargo": "pv",
		"setor": "1328"
	},
	{
		"cargo": "pv",
		"setor": "1332"
	},
	{
		"cargo": "pv",
		"setor": "1334"
	},
	{
		"cargo": "pv",
		"setor": "1336"
	},
	{
		"cargo": "pv",
		"setor": "1338"
	},
	{
		"cargo": "pv",
		"setor": "1342"
	},
	{
		"cargo": "pv",
		"setor": "1344"
	},
	{
		"cargo": "pv",
		"setor": "1346"
	},
	{
		"cargo": "pv",
		"setor": "1348"
	},
	{
		"cargo": "pv",
		"setor": "1351"
	},
	{
		"cargo": "pv",
		"setor": "1352"
	},
	{
		"cargo": "pv",
		"setor": "1353"
	},
	{
		"cargo": "pv",
		"setor": "1354"
	},
	{
		"cargo": "pv",
		"setor": "1355"
	},
	{
		"cargo": "pv",
		"setor": "1356"
	},
	{
		"cargo": "pv",
		"setor": "1362"
	},
	{
		"cargo": "pv",
		"setor": "1364"
	},
	{
		"cargo": "pv",
		"setor": "1366"
	},
	{
		"cargo": "pv",
		"setor": "1368"
	},
	{
		"cargo": "pv",
		"setor": "1372"
	},
	{
		"cargo": "pv",
		"setor": "1374"
	},
	{
		"cargo": "pv",
		"setor": "1376"
	},
	{
		"cargo": "pv",
		"setor": "1378"
	},
	{
		"cargo": "pv",
		"setor": "1382"
	},
	{
		"cargo": "pv",
		"setor": "1384"
	},
	{
		"cargo": "pv",
		"setor": "1386"
	},
	{
		"cargo": "pv",
		"setor": "1388"
	},
	{
		"cargo": "pv",
		"setor": "1392"
	},
	{
		"cargo": "pv",
		"setor": "1394"
	},
	{
		"cargo": "pv",
		"setor": "1396"
	},
	{
		"cargo": "pv",
		"setor": "1398"
	},
	{
		"cargo": "pv",
		"setor": "1401"
	},
	{
		"cargo": "pv",
		"setor": "1402"
	},
	{
		"cargo": "pv",
		"setor": "1403"
	},
	{
		"cargo": "pv",
		"setor": "1404"
	},
	{
		"cargo": "pv",
		"setor": "1405"
	},
	{
		"cargo": "pv",
		"setor": "1406"
	},
	{
		"cargo": "pv",
		"setor": "1407"
	},
	{
		"cargo": "pv",
		"setor": "1408"
	},
	{
		"cargo": "pv",
		"setor": "1409"
	},
	{
		"cargo": "pv",
		"setor": "1415"
	},
	{
		"cargo": "pv",
		"setor": "1416"
	},
	{
		"cargo": "pv",
		"setor": "1417"
	},
	{
		"cargo": "pv",
		"setor": "1418"
	},
	{
		"cargo": "pv",
		"setor": "1419"
	},
	{
		"cargo": "pv",
		"setor": "1426"
	},
	{
		"cargo": "pv",
		"setor": "1427"
	},
	{
		"cargo": "pv",
		"setor": "1428"
	},
	{
		"cargo": "pv",
		"setor": "1429"
	},
	{
		"cargo": "pv",
		"setor": "1435"
	},
	{
		"cargo": "pv",
		"setor": "1437"
	},
	{
		"cargo": "pv",
		"setor": "1438"
	},
	{
		"cargo": "pv",
		"setor": "1439"
	},
	{
		"cargo": "pv",
		"setor": "1446"
	},
	{
		"cargo": "pv",
		"setor": "1447"
	},
	{
		"cargo": "pv",
		"setor": "1448"
	},
	{
		"cargo": "pv",
		"setor": "1449"
	},
	{
		"cargo": "pv",
		"setor": "1455"
	},
	{
		"cargo": "pv",
		"setor": "1456"
	},
	{
		"cargo": "pv",
		"setor": "1457"
	},
	{
		"cargo": "pv",
		"setor": "1458"
	},
	{
		"cargo": "pv",
		"setor": "1459"
	},
	{
		"cargo": "pv",
		"setor": "1465"
	},
	{
		"cargo": "pv",
		"setor": "1466"
	},
	{
		"cargo": "pv",
		"setor": "1467"
	},
	{
		"cargo": "pv",
		"setor": "1468"
	},
	{
		"cargo": "pv",
		"setor": "1469"
	},
	{
		"cargo": "pv",
		"setor": "1476"
	},
	{
		"cargo": "pv",
		"setor": "1477"
	},
	{
		"cargo": "pv",
		"setor": "1478"
	},
	{
		"cargo": "pv",
		"setor": "1479"
	},
	{
		"cargo": "pv",
		"setor": "1485"
	},
	{
		"cargo": "pv",
		"setor": "1486"
	},
	{
		"cargo": "pv",
		"setor": "1487"
	},
	{
		"cargo": "pv",
		"setor": "1488"
	},
	{
		"cargo": "pv",
		"setor": "1489"
	},
	{
		"cargo": "pv",
		"setor": "1495"
	},
	{
		"cargo": "pv",
		"setor": "1496"
	},
	{
		"cargo": "pv",
		"setor": "1497"
	},
	{
		"cargo": "pv",
		"setor": "1498"
	},
	{
		"cargo": "pv",
		"setor": "1499"
	},
	{
		"cargo": "pv",
		"setor": "1501"
	},
	{
		"cargo": "pv",
		"setor": "1502"
	},
	{
		"cargo": "pv",
		"setor": "1503"
	},
	{
		"cargo": "pv",
		"setor": "1504"
	},
	{
		"cargo": "pv",
		"setor": "1505"
	},
	{
		"cargo": "pv",
		"setor": "1506"
	},
	{
		"cargo": "pv",
		"setor": "1507"
	},
	{
		"cargo": "pv",
		"setor": "1508"
	},
	{
		"cargo": "pv",
		"setor": "1509"
	},
	{
		"cargo": "pv",
		"setor": "1511"
	},
	{
		"cargo": "pv",
		"setor": "1513"
	},
	{
		"cargo": "pv",
		"setor": "1515"
	},
	{
		"cargo": "pv",
		"setor": "1517"
	},
	{
		"cargo": "pv",
		"setor": "1519"
	},
	{
		"cargo": "pv",
		"setor": "1521"
	},
	{
		"cargo": "pv",
		"setor": "1523"
	},
	{
		"cargo": "pv",
		"setor": "1525"
	},
	{
		"cargo": "pv",
		"setor": "1527"
	},
	{
		"cargo": "pv",
		"setor": "1531"
	},
	{
		"cargo": "pv",
		"setor": "1533"
	},
	{
		"cargo": "pv",
		"setor": "1535"
	},
	{
		"cargo": "pv",
		"setor": "1537"
	},
	{
		"cargo": "pv",
		"setor": "1539"
	},
	{
		"cargo": "pv",
		"setor": "1541"
	},
	{
		"cargo": "pv",
		"setor": "1543"
	},
	{
		"cargo": "pv",
		"setor": "1545"
	},
	{
		"cargo": "pv",
		"setor": "1547"
	},
	{
		"cargo": "pv",
		"setor": "1551"
	},
	{
		"cargo": "pv",
		"setor": "1553"
	},
	{
		"cargo": "pv",
		"setor": "1555"
	},
	{
		"cargo": "pv",
		"setor": "1557"
	},
	{
		"cargo": "pv",
		"setor": "1559"
	},
	{
		"cargo": "pv",
		"setor": "1561"
	},
	{
		"cargo": "pv",
		"setor": "1563"
	},
	{
		"cargo": "pv",
		"setor": "1565"
	},
	{
		"cargo": "pv",
		"setor": "1567"
	},
	{
		"cargo": "pv",
		"setor": "1571"
	},
	{
		"cargo": "pv",
		"setor": "1573"
	},
	{
		"cargo": "pv",
		"setor": "1575"
	},
	{
		"cargo": "pv",
		"setor": "1577"
	},
	{
		"cargo": "pv",
		"setor": "1579"
	},
	{
		"cargo": "pv",
		"setor": "1581"
	},
	{
		"cargo": "pv",
		"setor": "1583"
	},
	{
		"cargo": "pv",
		"setor": "1585"
	},
	{
		"cargo": "pv",
		"setor": "1587"
	},
	{
		"cargo": "pv",
		"setor": "1591"
	},
	{
		"cargo": "pv",
		"setor": "1593"
	},
	{
		"cargo": "pv",
		"setor": "1595"
	},
	{
		"cargo": "pv",
		"setor": "1597"
	},
	{
		"cargo": "pv",
		"setor": "1601"
	},
	{
		"cargo": "pv",
		"setor": "1602"
	},
	{
		"cargo": "pv",
		"setor": "1603"
	},
	{
		"cargo": "pv",
		"setor": "1604"
	},
	{
		"cargo": "pv",
		"setor": "1605"
	},
	{
		"cargo": "pv",
		"setor": "1606"
	},
	{
		"cargo": "pv",
		"setor": "1607"
	},
	{
		"cargo": "pv",
		"setor": "1608"
	},
	{
		"cargo": "pv",
		"setor": "1609"
	},
	{
		"cargo": "pv",
		"setor": "1612"
	},
	{
		"cargo": "pv",
		"setor": "1614"
	},
	{
		"cargo": "pv",
		"setor": "1616"
	},
	{
		"cargo": "pv",
		"setor": "1618"
	},
	{
		"cargo": "pv",
		"setor": "1622"
	},
	{
		"cargo": "pv",
		"setor": "1624"
	},
	{
		"cargo": "pv",
		"setor": "1626"
	},
	{
		"cargo": "pv",
		"setor": "1628"
	},
	{
		"cargo": "pv",
		"setor": "1632"
	},
	{
		"cargo": "pv",
		"setor": "1634"
	},
	{
		"cargo": "pv",
		"setor": "1636"
	},
	{
		"cargo": "pv",
		"setor": "1638"
	},
	{
		"cargo": "pv",
		"setor": "1642"
	},
	{
		"cargo": "pv",
		"setor": "1644"
	},
	{
		"cargo": "pv",
		"setor": "1646"
	},
	{
		"cargo": "pv",
		"setor": "1648"
	},
	{
		"cargo": "pv",
		"setor": "1652"
	},
	{
		"cargo": "pv",
		"setor": "1654"
	},
	{
		"cargo": "pv",
		"setor": "1656"
	},
	{
		"cargo": "pv",
		"setor": "1658"
	},
	{
		"cargo": "pv",
		"setor": "1662"
	},
	{
		"cargo": "pv",
		"setor": "1664"
	},
	{
		"cargo": "pv",
		"setor": "1666"
	},
	{
		"cargo": "pv",
		"setor": "1668"
	},
	{
		"cargo": "pv",
		"setor": "1672"
	},
	{
		"cargo": "pv",
		"setor": "1674"
	},
	{
		"cargo": "pv",
		"setor": "1676"
	},
	{
		"cargo": "pv",
		"setor": "1678"
	},
	{
		"cargo": "pv",
		"setor": "1682"
	},
	{
		"cargo": "pv",
		"setor": "1684"
	},
	{
		"cargo": "pv",
		"setor": "1686"
	},
	{
		"cargo": "pv",
		"setor": "1688"
	},
	{
		"cargo": "pv",
		"setor": "1692"
	},
	{
		"cargo": "pv",
		"setor": "1694"
	},
	{
		"cargo": "pv",
		"setor": "1696"
	},
	{
		"cargo": "pv",
		"setor": "1698"
	},
	{
		"cargo": "pv",
		"setor": "1701"
	},
	{
		"cargo": "pv",
		"setor": "1702"
	},
	{
		"cargo": "pv",
		"setor": "1703"
	},
	{
		"cargo": "pv",
		"setor": "1704"
	},
	{
		"cargo": "pv",
		"setor": "1705"
	},
	{
		"cargo": "pv",
		"setor": "1706"
	},
	{
		"cargo": "pv",
		"setor": "1707"
	},
	{
		"cargo": "pv",
		"setor": "1708"
	},
	{
		"cargo": "pv",
		"setor": "1709"
	},
	{
		"cargo": "pv",
		"setor": "1711"
	},
	{
		"cargo": "pv",
		"setor": "1712"
	},
	{
		"cargo": "pv",
		"setor": "1713"
	},
	{
		"cargo": "pv",
		"setor": "1714"
	},
	{
		"cargo": "pv",
		"setor": "1715"
	},
	{
		"cargo": "pv",
		"setor": "1716"
	},
	{
		"cargo": "pv",
		"setor": "1717"
	},
	{
		"cargo": "pv",
		"setor": "1718"
	},
	{
		"cargo": "pv",
		"setor": "1719"
	},
	{
		"cargo": "pv",
		"setor": "1721"
	},
	{
		"cargo": "pv",
		"setor": "1722"
	},
	{
		"cargo": "pv",
		"setor": "1723"
	},
	{
		"cargo": "pv",
		"setor": "1724"
	},
	{
		"cargo": "pv",
		"setor": "1725"
	},
	{
		"cargo": "pv",
		"setor": "1726"
	},
	{
		"cargo": "pv",
		"setor": "1727"
	},
	{
		"cargo": "pv",
		"setor": "1728"
	},
	{
		"cargo": "pv",
		"setor": "1729"
	},
	{
		"cargo": "pv",
		"setor": "1731"
	},
	{
		"cargo": "pv",
		"setor": "1732"
	},
	{
		"cargo": "pv",
		"setor": "1733"
	},
	{
		"cargo": "pv",
		"setor": "1734"
	},
	{
		"cargo": "pv",
		"setor": "1735"
	},
	{
		"cargo": "pv",
		"setor": "1736"
	},
	{
		"cargo": "pv",
		"setor": "1737"
	},
	{
		"cargo": "pv",
		"setor": "1738"
	},
	{
		"cargo": "pv",
		"setor": "1739"
	},
	{
		"cargo": "pv",
		"setor": "1741"
	},
	{
		"cargo": "pv",
		"setor": "1742"
	},
	{
		"cargo": "pv",
		"setor": "1743"
	},
	{
		"cargo": "pv",
		"setor": "1744"
	},
	{
		"cargo": "pv",
		"setor": "1745"
	},
	{
		"cargo": "pv",
		"setor": "1746"
	},
	{
		"cargo": "pv",
		"setor": "1747"
	},
	{
		"cargo": "pv",
		"setor": "1748"
	},
	{
		"cargo": "pv",
		"setor": "1749"
	},
	{
		"cargo": "pv",
		"setor": "1751"
	},
	{
		"cargo": "pv",
		"setor": "1752"
	},
	{
		"cargo": "pv",
		"setor": "1753"
	},
	{
		"cargo": "pv",
		"setor": "1754"
	},
	{
		"cargo": "pv",
		"setor": "1755"
	},
	{
		"cargo": "pv",
		"setor": "1756"
	},
	{
		"cargo": "pv",
		"setor": "1757"
	},
	{
		"cargo": "pv",
		"setor": "1758"
	},
	{
		"cargo": "pv",
		"setor": "1759"
	},
	{
		"cargo": "pv",
		"setor": "1761"
	},
	{
		"cargo": "pv",
		"setor": "1762"
	},
	{
		"cargo": "pv",
		"setor": "1763"
	},
	{
		"cargo": "pv",
		"setor": "1764"
	},
	{
		"cargo": "pv",
		"setor": "1765"
	},
	{
		"cargo": "pv",
		"setor": "1766"
	},
	{
		"cargo": "pv",
		"setor": "1767"
	},
	{
		"cargo": "pv",
		"setor": "1768"
	},
	{
		"cargo": "pv",
		"setor": "1769"
	},
	{
		"cargo": "pv",
		"setor": "1771"
	},
	{
		"cargo": "pv",
		"setor": "1772"
	},
	{
		"cargo": "pv",
		"setor": "1773"
	},
	{
		"cargo": "pv",
		"setor": "1774"
	},
	{
		"cargo": "pv",
		"setor": "1775"
	},
	{
		"cargo": "pv",
		"setor": "1776"
	},
	{
		"cargo": "pv",
		"setor": "1777"
	},
	{
		"cargo": "pv",
		"setor": "1778"
	},
	{
		"cargo": "pv",
		"setor": "1779"
	},
	{
		"cargo": "pv",
		"setor": "1781"
	},
	{
		"cargo": "pv",
		"setor": "1782"
	},
	{
		"cargo": "pv",
		"setor": "1783"
	},
	{
		"cargo": "pv",
		"setor": "1784"
	},
	{
		"cargo": "pv",
		"setor": "1785"
	},
	{
		"cargo": "pv",
		"setor": "1786"
	},
	{
		"cargo": "pv",
		"setor": "1787"
	},
	{
		"cargo": "pv",
		"setor": "1788"
	},
	{
		"cargo": "pv",
		"setor": "1789"
	},
	{
		"cargo": "pv",
		"setor": "1791"
	},
	{
		"cargo": "pv",
		"setor": "1792"
	},
	{
		"cargo": "pv",
		"setor": "1793"
	},
	{
		"cargo": "pv",
		"setor": "1794"
	},
	{
		"cargo": "pv",
		"setor": "1795"
	},
	{
		"cargo": "pv",
		"setor": "1796"
	},
	{
		"cargo": "pv",
		"setor": "1797"
	},
	{
		"cargo": "pv",
		"setor": "1798"
	},
	{
		"cargo": "pv",
		"setor": "1799"
	},
	{
		"cargo": "pv",
		"setor": "1801"
	},
	{
		"cargo": "pv",
		"setor": "1802"
	},
	{
		"cargo": "pv",
		"setor": "1803"
	},
	{
		"cargo": "pv",
		"setor": "1804"
	},
	{
		"cargo": "pv",
		"setor": "1805"
	},
	{
		"cargo": "pv",
		"setor": "1806"
	},
	{
		"cargo": "pv",
		"setor": "1807"
	},
	{
		"cargo": "pv",
		"setor": "1808"
	},
	{
		"cargo": "pv",
		"setor": "1809"
	},
	{
		"cargo": "pv",
		"setor": "1811"
	},
	{
		"cargo": "pv",
		"setor": "1812"
	},
	{
		"cargo": "pv",
		"setor": "1813"
	},
	{
		"cargo": "pv",
		"setor": "1814"
	},
	{
		"cargo": "pv",
		"setor": "1815"
	},
	{
		"cargo": "pv",
		"setor": "1816"
	},
	{
		"cargo": "pv",
		"setor": "1817"
	},
	{
		"cargo": "pv",
		"setor": "1818"
	},
	{
		"cargo": "pv",
		"setor": "1819"
	},
	{
		"cargo": "pv",
		"setor": "1821"
	},
	{
		"cargo": "pv",
		"setor": "1822"
	},
	{
		"cargo": "pv",
		"setor": "1823"
	},
	{
		"cargo": "pv",
		"setor": "1824"
	},
	{
		"cargo": "pv",
		"setor": "1825"
	},
	{
		"cargo": "pv",
		"setor": "1826"
	},
	{
		"cargo": "pv",
		"setor": "1827"
	},
	{
		"cargo": "pv",
		"setor": "1828"
	},
	{
		"cargo": "pv",
		"setor": "1829"
	},
	{
		"cargo": "pv",
		"setor": "1831"
	},
	{
		"cargo": "pv",
		"setor": "1832"
	},
	{
		"cargo": "pv",
		"setor": "1833"
	},
	{
		"cargo": "pv",
		"setor": "1834"
	},
	{
		"cargo": "pv",
		"setor": "1835"
	},
	{
		"cargo": "pv",
		"setor": "1836"
	},
	{
		"cargo": "pv",
		"setor": "1837"
	},
	{
		"cargo": "pv",
		"setor": "1838"
	},
	{
		"cargo": "pv",
		"setor": "1839"
	},
	{
		"cargo": "pv",
		"setor": "1841"
	},
	{
		"cargo": "pv",
		"setor": "1842"
	},
	{
		"cargo": "pv",
		"setor": "1843"
	},
	{
		"cargo": "pv",
		"setor": "1844"
	},
	{
		"cargo": "pv",
		"setor": "1846"
	},
	{
		"cargo": "pv",
		"setor": "1847"
	},
	{
		"cargo": "pv",
		"setor": "1848"
	},
	{
		"cargo": "pv",
		"setor": "1849"
	},
	{
		"cargo": "pv",
		"setor": "1851"
	},
	{
		"cargo": "pv",
		"setor": "1852"
	},
	{
		"cargo": "pv",
		"setor": "1853"
	},
	{
		"cargo": "pv",
		"setor": "1854"
	},
	{
		"cargo": "pv",
		"setor": "1855"
	},
	{
		"cargo": "pv",
		"setor": "1856"
	},
	{
		"cargo": "pv",
		"setor": "1857"
	},
	{
		"cargo": "pv",
		"setor": "1858"
	},
	{
		"cargo": "pv",
		"setor": "1859"
	},
	{
		"cargo": "pv",
		"setor": "1861"
	},
	{
		"cargo": "pv",
		"setor": "1862"
	},
	{
		"cargo": "pv",
		"setor": "1863"
	},
	{
		"cargo": "pv",
		"setor": "1864"
	},
	{
		"cargo": "pv",
		"setor": "1865"
	},
	{
		"cargo": "pv",
		"setor": "1866"
	},
	{
		"cargo": "pv",
		"setor": "1867"
	},
	{
		"cargo": "pv",
		"setor": "1868"
	},
	{
		"cargo": "pv",
		"setor": "1869"
	},
	{
		"cargo": "pv",
		"setor": "1871"
	},
	{
		"cargo": "pv",
		"setor": "1872"
	},
	{
		"cargo": "pv",
		"setor": "1873"
	},
	{
		"cargo": "pv",
		"setor": "1874"
	},
	{
		"cargo": "pv",
		"setor": "1875"
	},
	{
		"cargo": "pv",
		"setor": "1876"
	},
	{
		"cargo": "pv",
		"setor": "1877"
	},
	{
		"cargo": "pv",
		"setor": "1878"
	},
	{
		"cargo": "pv",
		"setor": "1879"
	},
	{
		"cargo": "pv",
		"setor": "1881"
	},
	{
		"cargo": "pv",
		"setor": "1882"
	},
	{
		"cargo": "pv",
		"setor": "1883"
	},
	{
		"cargo": "pv",
		"setor": "1884"
	},
	{
		"cargo": "pv",
		"setor": "1885"
	},
	{
		"cargo": "pv",
		"setor": "1886"
	},
	{
		"cargo": "pv",
		"setor": "1887"
	},
	{
		"cargo": "pv",
		"setor": "1888"
	},
	{
		"cargo": "pv",
		"setor": "1889"
	},
	{
		"cargo": "pv",
		"setor": "1891"
	},
	{
		"cargo": "pv",
		"setor": "1892"
	},
	{
		"cargo": "pv",
		"setor": "1893"
	},
	{
		"cargo": "pv",
		"setor": "1894"
	},
	{
		"cargo": "pv",
		"setor": "1895"
	},
	{
		"cargo": "pv",
		"setor": "1896"
	},
	{
		"cargo": "pv",
		"setor": "1897"
	},
	{
		"cargo": "pv",
		"setor": "1898"
	},
	{
		"cargo": "pv",
		"setor": "1899"
	},
	{
		"cargo": "pv",
		"setor": "1901"
	},
	{
		"cargo": "pv",
		"setor": "1902"
	},
	{
		"cargo": "pv",
		"setor": "1903"
	},
	{
		"cargo": "pv",
		"setor": "1904"
	},
	{
		"cargo": "pv",
		"setor": "1905"
	},
	{
		"cargo": "pv",
		"setor": "1906"
	},
	{
		"cargo": "pv",
		"setor": "1907"
	},
	{
		"cargo": "pv",
		"setor": "1908"
	},
	{
		"cargo": "pv",
		"setor": "1909"
	},
	{
		"cargo": "pv",
		"setor": "1911"
	},
	{
		"cargo": "pv",
		"setor": "1912"
	},
	{
		"cargo": "pv",
		"setor": "1913"
	},
	{
		"cargo": "pv",
		"setor": "1914"
	},
	{
		"cargo": "pv",
		"setor": "1916"
	},
	{
		"cargo": "pv",
		"setor": "1917"
	},
	{
		"cargo": "pv",
		"setor": "1918"
	},
	{
		"cargo": "pv",
		"setor": "1919"
	},
	{
		"cargo": "pv",
		"setor": "1921"
	},
	{
		"cargo": "pv",
		"setor": "1922"
	},
	{
		"cargo": "pv",
		"setor": "1923"
	},
	{
		"cargo": "pv",
		"setor": "1924"
	},
	{
		"cargo": "pv",
		"setor": "1925"
	},
	{
		"cargo": "pv",
		"setor": "1931"
	},
	{
		"cargo": "pv",
		"setor": "1932"
	},
	{
		"cargo": "pv",
		"setor": "1933"
	},
	{
		"cargo": "pv",
		"setor": "1934"
	},
	{
		"cargo": "pv",
		"setor": "1935"
	},
	{
		"cargo": "pv",
		"setor": "1941"
	},
	{
		"cargo": "pv",
		"setor": "1942"
	},
	{
		"cargo": "pv",
		"setor": "1943"
	},
	{
		"cargo": "pv",
		"setor": "1944"
	},
	{
		"cargo": "pv",
		"setor": "1945"
	},
	{
		"cargo": "pv",
		"setor": "1951"
	},
	{
		"cargo": "pv",
		"setor": "1952"
	},
	{
		"cargo": "pv",
		"setor": "1953"
	},
	{
		"cargo": "pv",
		"setor": "1954"
	},
	{
		"cargo": "pv",
		"setor": "1955"
	},
	{
		"cargo": "pv",
		"setor": "1961"
	},
	{
		"cargo": "pv",
		"setor": "1962"
	},
	{
		"cargo": "pv",
		"setor": "1963"
	},
	{
		"cargo": "pv",
		"setor": "1964"
	},
	{
		"cargo": "pv",
		"setor": "1965"
	},
	{
		"cargo": "pv",
		"setor": "1971"
	},
	{
		"cargo": "pv",
		"setor": "1972"
	},
	{
		"cargo": "pv",
		"setor": "1973"
	},
	{
		"cargo": "pv",
		"setor": "1974"
	},
	{
		"cargo": "pv",
		"setor": "1975"
	},
	{
		"cargo": "pv",
		"setor": "1981"
	},
	{
		"cargo": "pv",
		"setor": "1982"
	},
	{
		"cargo": "pv",
		"setor": "1983"
	},
	{
		"cargo": "pv",
		"setor": "1984"
	},
	{
		"cargo": "pv",
		"setor": "1985"
	},
	{
		"cargo": "pv",
		"setor": "1991"
	},
	{
		"cargo": "pv",
		"setor": "1992"
	},
	{
		"cargo": "pv",
		"setor": "1993"
	},
	{
		"cargo": "pv",
		"setor": "1994"
	},
	{
		"cargo": "pv",
		"setor": "1995"
	},
	{
		"cargo": "pv",
		"setor": "1996"
	},
	{
		"cargo": "pv",
		"setor": "1997"
	},
	{
		"cargo": "pv",
		"setor": "1998"
	},
	{
		"cargo": "pv",
		"setor": "1999"
	},
	{
		"cargo": "pv",
		"setor": "2000"
	},
	{
		"cargo": "pv",
		"setor": "2001"
	},
	{
		"cargo": "pv",
		"setor": "2002"
	},
	{
		"cargo": "pv",
		"setor": "2007"
	},
	{
		"cargo": "pv",
		"setor": "2011"
	},
	{
		"cargo": "pv",
		"setor": "2013"
	},
	{
		"cargo": "pv",
		"setor": "2014"
	},
	{
		"cargo": "pv",
		"setor": "2016"
	},
	{
		"cargo": "pv",
		"setor": "2017"
	},
	{
		"cargo": "pv",
		"setor": "2019"
	},
	{
		"cargo": "pv",
		"setor": "2021"
	},
	{
		"cargo": "pv",
		"setor": "2022"
	},
	{
		"cargo": "pv",
		"setor": "2023"
	},
	{
		"cargo": "pv",
		"setor": "2024"
	},
	{
		"cargo": "pv",
		"setor": "2025"
	},
	{
		"cargo": "pv",
		"setor": "2032"
	},
	{
		"cargo": "pv",
		"setor": "2033"
	},
	{
		"cargo": "pv",
		"setor": "2034"
	},
	{
		"cargo": "pv",
		"setor": "2035"
	},
	{
		"cargo": "pv",
		"setor": "2042"
	},
	{
		"cargo": "pv",
		"setor": "2043"
	},
	{
		"cargo": "pv",
		"setor": "2044"
	},
	{
		"cargo": "pv",
		"setor": "2046"
	},
	{
		"cargo": "pv",
		"setor": "2051"
	},
	{
		"cargo": "pv",
		"setor": "2052"
	},
	{
		"cargo": "pv",
		"setor": "2053"
	},
	{
		"cargo": "pv",
		"setor": "2054"
	},
	{
		"cargo": "pv",
		"setor": "2055"
	},
	{
		"cargo": "pv",
		"setor": "2062"
	},
	{
		"cargo": "pv",
		"setor": "2063"
	},
	{
		"cargo": "pv",
		"setor": "2065"
	},
	{
		"cargo": "pv",
		"setor": "2066"
	},
	{
		"cargo": "pv",
		"setor": "2068"
	},
	{
		"cargo": "pv",
		"setor": "2069"
	},
	{
		"cargo": "pv",
		"setor": "2072"
	},
	{
		"cargo": "pv",
		"setor": "2073"
	},
	{
		"cargo": "pv",
		"setor": "2075"
	},
	{
		"cargo": "pv",
		"setor": "2076"
	},
	{
		"cargo": "pv",
		"setor": "2081"
	},
	{
		"cargo": "pv",
		"setor": "2082"
	},
	{
		"cargo": "pv",
		"setor": "2083"
	},
	{
		"cargo": "pv",
		"setor": "2084"
	},
	{
		"cargo": "pv",
		"setor": "2085"
	},
	{
		"cargo": "pv",
		"setor": "2091"
	},
	{
		"cargo": "pv",
		"setor": "2092"
	},
	{
		"cargo": "pv",
		"setor": "2093"
	},
	{
		"cargo": "pv",
		"setor": "2094"
	},
	{
		"cargo": "pv",
		"setor": "2095"
	},
	{
		"cargo": "pv",
		"setor": "2101"
	},
	{
		"cargo": "pv",
		"setor": "2102"
	},
	{
		"cargo": "pv",
		"setor": "2103"
	},
	{
		"cargo": "pv",
		"setor": "2104"
	},
	{
		"cargo": "pv",
		"setor": "2106"
	},
	{
		"cargo": "pv",
		"setor": "2111"
	},
	{
		"cargo": "pv",
		"setor": "2113"
	},
	{
		"cargo": "pv",
		"setor": "2115"
	},
	{
		"cargo": "pv",
		"setor": "2117"
	},
	{
		"cargo": "pv",
		"setor": "2121"
	},
	{
		"cargo": "pv",
		"setor": "2124"
	},
	{
		"cargo": "pv",
		"setor": "2126"
	},
	{
		"cargo": "pv",
		"setor": "2128"
	},
	{
		"cargo": "pv",
		"setor": "2131"
	},
	{
		"cargo": "pv",
		"setor": "2132"
	},
	{
		"cargo": "pv",
		"setor": "2134"
	},
	{
		"cargo": "pv",
		"setor": "2135"
	},
	{
		"cargo": "pv",
		"setor": "2137"
	},
	{
		"cargo": "pv",
		"setor": "2138"
	},
	{
		"cargo": "pv",
		"setor": "2141"
	},
	{
		"cargo": "pv",
		"setor": "2142"
	},
	{
		"cargo": "pv",
		"setor": "2144"
	},
	{
		"cargo": "pv",
		"setor": "2145"
	},
	{
		"cargo": "pv",
		"setor": "2147"
	},
	{
		"cargo": "pv",
		"setor": "2148"
	},
	{
		"cargo": "pv",
		"setor": "2151"
	},
	{
		"cargo": "pv",
		"setor": "2153"
	},
	{
		"cargo": "pv",
		"setor": "2155"
	},
	{
		"cargo": "pv",
		"setor": "2157"
	},
	{
		"cargo": "pv",
		"setor": "2158"
	},
	{
		"cargo": "pv",
		"setor": "2159"
	},
	{
		"cargo": "pv",
		"setor": "2161"
	},
	{
		"cargo": "pv",
		"setor": "2165"
	},
	{
		"cargo": "pv",
		"setor": "2167"
	},
	{
		"cargo": "pv",
		"setor": "2168"
	},
	{
		"cargo": "pv",
		"setor": "2171"
	},
	{
		"cargo": "pv",
		"setor": "2172"
	},
	{
		"cargo": "pv",
		"setor": "2174"
	},
	{
		"cargo": "pv",
		"setor": "2175"
	},
	{
		"cargo": "pv",
		"setor": "2177"
	},
	{
		"cargo": "pv",
		"setor": "2178"
	},
	{
		"cargo": "pv",
		"setor": "2181"
	},
	{
		"cargo": "pv",
		"setor": "2183"
	},
	{
		"cargo": "pv",
		"setor": "2184"
	},
	{
		"cargo": "pv",
		"setor": "2186"
	},
	{
		"cargo": "pv",
		"setor": "2187"
	},
	{
		"cargo": "pv",
		"setor": "2189"
	},
	{
		"cargo": "pv",
		"setor": "2191"
	},
	{
		"cargo": "pv",
		"setor": "2193"
	},
	{
		"cargo": "pv",
		"setor": "2194"
	},
	{
		"cargo": "pv",
		"setor": "2196"
	},
	{
		"cargo": "pv",
		"setor": "2197"
	},
	{
		"cargo": "pv",
		"setor": "2199"
	},
	{
		"cargo": "pv",
		"setor": "2201"
	},
	{
		"cargo": "pv",
		"setor": "2203"
	},
	{
		"cargo": "pv",
		"setor": "2204"
	},
	{
		"cargo": "pv",
		"setor": "2206"
	},
	{
		"cargo": "pv",
		"setor": "2207"
	},
	{
		"cargo": "pv",
		"setor": "2208"
	},
	{
		"cargo": "pv",
		"setor": "2211"
	},
	{
		"cargo": "pv",
		"setor": "2212"
	},
	{
		"cargo": "pv",
		"setor": "2222"
	},
	{
		"cargo": "pv",
		"setor": "2224"
	},
	{
		"cargo": "pv",
		"setor": "2226"
	},
	{
		"cargo": "pv",
		"setor": "2227"
	},
	{
		"cargo": "pv",
		"setor": "2231"
	},
	{
		"cargo": "pv",
		"setor": "2232"
	},
	{
		"cargo": "pv",
		"setor": "2233"
	},
	{
		"cargo": "pv",
		"setor": "2234"
	},
	{
		"cargo": "pv",
		"setor": "2235"
	},
	{
		"cargo": "pv",
		"setor": "2241"
	},
	{
		"cargo": "pv",
		"setor": "2243"
	},
	{
		"cargo": "pv",
		"setor": "2245"
	},
	{
		"cargo": "pv",
		"setor": "2247"
	},
	{
		"cargo": "pv",
		"setor": "2251"
	},
	{
		"cargo": "pv",
		"setor": "2252"
	},
	{
		"cargo": "pv",
		"setor": "2253"
	},
	{
		"cargo": "pv",
		"setor": "2254"
	},
	{
		"cargo": "pv",
		"setor": "2255"
	},
	{
		"cargo": "pv",
		"setor": "2259"
	},
	{
		"cargo": "pv",
		"setor": "2262"
	},
	{
		"cargo": "pv",
		"setor": "2263"
	},
	{
		"cargo": "pv",
		"setor": "2266"
	},
	{
		"cargo": "pv",
		"setor": "2268"
	},
	{
		"cargo": "pv",
		"setor": "2271"
	},
	{
		"cargo": "pv",
		"setor": "2272"
	},
	{
		"cargo": "pv",
		"setor": "2273"
	},
	{
		"cargo": "pv",
		"setor": "2274"
	},
	{
		"cargo": "pv",
		"setor": "2275"
	},
	{
		"cargo": "pv",
		"setor": "2281"
	},
	{
		"cargo": "pv",
		"setor": "2282"
	},
	{
		"cargo": "pv",
		"setor": "2283"
	},
	{
		"cargo": "pv",
		"setor": "2284"
	},
	{
		"cargo": "pv",
		"setor": "2285"
	},
	{
		"cargo": "pv",
		"setor": "2289"
	},
	{
		"cargo": "pv",
		"setor": "2291"
	},
	{
		"cargo": "pv",
		"setor": "2292"
	},
	{
		"cargo": "pv",
		"setor": "2293"
	},
	{
		"cargo": "pv",
		"setor": "2294"
	},
	{
		"cargo": "pv",
		"setor": "2295"
	},
	{
		"cargo": "pv",
		"setor": "2301"
	},
	{
		"cargo": "pv",
		"setor": "2302"
	},
	{
		"cargo": "pv",
		"setor": "2303"
	},
	{
		"cargo": "pv",
		"setor": "2304"
	},
	{
		"cargo": "pv",
		"setor": "2305"
	},
	{
		"cargo": "pv",
		"setor": "2312"
	},
	{
		"cargo": "pv",
		"setor": "2314"
	},
	{
		"cargo": "pv",
		"setor": "2316"
	},
	{
		"cargo": "pv",
		"setor": "2318"
	},
	{
		"cargo": "pv",
		"setor": "2322"
	},
	{
		"cargo": "pv",
		"setor": "2324"
	},
	{
		"cargo": "pv",
		"setor": "2326"
	},
	{
		"cargo": "pv",
		"setor": "2328"
	},
	{
		"cargo": "pv",
		"setor": "2332"
	},
	{
		"cargo": "pv",
		"setor": "2334"
	},
	{
		"cargo": "pv",
		"setor": "2336"
	},
	{
		"cargo": "pv",
		"setor": "2338"
	},
	{
		"cargo": "pv",
		"setor": "2342"
	},
	{
		"cargo": "pv",
		"setor": "2344"
	},
	{
		"cargo": "pv",
		"setor": "2346"
	},
	{
		"cargo": "pv",
		"setor": "2348"
	},
	{
		"cargo": "pv",
		"setor": "2351"
	},
	{
		"cargo": "pv",
		"setor": "2362"
	},
	{
		"cargo": "pv",
		"setor": "2366"
	},
	{
		"cargo": "pv",
		"setor": "2368"
	},
	{
		"cargo": "pv",
		"setor": "2411"
	},
	{
		"cargo": "pv",
		"setor": "2412"
	},
	{
		"cargo": "pv",
		"setor": "2413"
	},
	{
		"cargo": "pv",
		"setor": "2414"
	},
	{
		"cargo": "pv",
		"setor": "2421"
	},
	{
		"cargo": "pv",
		"setor": "2422"
	},
	{
		"cargo": "pv",
		"setor": "2423"
	},
	{
		"cargo": "pv",
		"setor": "2424"
	},
	{
		"cargo": "pv",
		"setor": "2425"
	},
	{
		"cargo": "pv",
		"setor": "2431"
	},
	{
		"cargo": "pv",
		"setor": "2432"
	},
	{
		"cargo": "pv",
		"setor": "2433"
	},
	{
		"cargo": "pv",
		"setor": "2434"
	},
	{
		"cargo": "pv",
		"setor": "2441"
	},
	{
		"cargo": "pv",
		"setor": "2442"
	},
	{
		"cargo": "pv",
		"setor": "2443"
	},
	{
		"cargo": "pv",
		"setor": "2444"
	},
	{
		"cargo": "pv",
		"setor": "2445"
	},
	{
		"cargo": "pv",
		"setor": "2451"
	},
	{
		"cargo": "pv",
		"setor": "2452"
	},
	{
		"cargo": "pv",
		"setor": "2453"
	},
	{
		"cargo": "pv",
		"setor": "2454"
	},
	{
		"cargo": "pv",
		"setor": "2461"
	},
	{
		"cargo": "pv",
		"setor": "2462"
	},
	{
		"cargo": "pv",
		"setor": "2463"
	},
	{
		"cargo": "pv",
		"setor": "2464"
	},
	{
		"cargo": "pv",
		"setor": "2471"
	},
	{
		"cargo": "pv",
		"setor": "2472"
	},
	{
		"cargo": "pv",
		"setor": "2473"
	},
	{
		"cargo": "pv",
		"setor": "2474"
	},
	{
		"cargo": "pv",
		"setor": "2475"
	},
	{
		"cargo": "pv",
		"setor": "2481"
	},
	{
		"cargo": "pv",
		"setor": "2482"
	},
	{
		"cargo": "pv",
		"setor": "2483"
	},
	{
		"cargo": "pv",
		"setor": "2484"
	},
	{
		"cargo": "pv",
		"setor": "2491"
	},
	{
		"cargo": "pv",
		"setor": "2492"
	},
	{
		"cargo": "pv",
		"setor": "2493"
	},
	{
		"cargo": "pv",
		"setor": "2494"
	},
	{
		"cargo": "pv",
		"setor": "2512"
	},
	{
		"cargo": "pv",
		"setor": "2515"
	},
	{
		"cargo": "pv",
		"setor": "2518"
	},
	{
		"cargo": "pv",
		"setor": "2521"
	},
	{
		"cargo": "pv",
		"setor": "2523"
	},
	{
		"cargo": "pv",
		"setor": "2525"
	},
	{
		"cargo": "pv",
		"setor": "2527"
	},
	{
		"cargo": "pv",
		"setor": "2531"
	},
	{
		"cargo": "pv",
		"setor": "2533"
	},
	{
		"cargo": "pv",
		"setor": "2535"
	},
	{
		"cargo": "pv",
		"setor": "2537"
	},
	{
		"cargo": "pv",
		"setor": "2539"
	},
	{
		"cargo": "pv",
		"setor": "2612"
	},
	{
		"cargo": "pv",
		"setor": "2614"
	},
	{
		"cargo": "pv",
		"setor": "2616"
	},
	{
		"cargo": "pv",
		"setor": "2618"
	},
	{
		"cargo": "pv",
		"setor": "2622"
	},
	{
		"cargo": "pv",
		"setor": "2624"
	},
	{
		"cargo": "pv",
		"setor": "2626"
	},
	{
		"cargo": "pv",
		"setor": "2628"
	},
	{
		"cargo": "pv",
		"setor": "2632"
	},
	{
		"cargo": "pv",
		"setor": "2634"
	},
	{
		"cargo": "pv",
		"setor": "2636"
	},
	{
		"cargo": "pv",
		"setor": "2638"
	},
	{
		"cargo": "pv",
		"setor": "2642"
	},
	{
		"cargo": "pv",
		"setor": "2644"
	},
	{
		"cargo": "pv",
		"setor": "2646"
	},
	{
		"cargo": "pv",
		"setor": "2648"
	},
	{
		"cargo": "pv",
		"setor": "2652"
	},
	{
		"cargo": "pv",
		"setor": "2654"
	},
	{
		"cargo": "pv",
		"setor": "2656"
	},
	{
		"cargo": "pv",
		"setor": "2658"
	},
	{
		"cargo": "pv",
		"setor": "2662"
	},
	{
		"cargo": "pv",
		"setor": "2664"
	},
	{
		"cargo": "pv",
		"setor": "2666"
	},
	{
		"cargo": "pv",
		"setor": "2668"
	},
	{
		"cargo": "pv",
		"setor": "2679"
	},
	{
		"cargo": "pv",
		"setor": "2689"
	},
	{
		"cargo": "pv",
		"setor": "2699"
	},
	{
		"cargo": "pv",
		"setor": "3012"
	},
	{
		"cargo": "pv",
		"setor": "3013"
	},
	{
		"cargo": "pv",
		"setor": "3015"
	},
	{
		"cargo": "pv",
		"setor": "3016"
	},
	{
		"cargo": "pv",
		"setor": "3018"
	},
	{
		"cargo": "pv",
		"setor": "3019"
	},
	{
		"cargo": "pv",
		"setor": "3022"
	},
	{
		"cargo": "pv",
		"setor": "3023"
	},
	{
		"cargo": "pv",
		"setor": "3032"
	},
	{
		"cargo": "pv",
		"setor": "3033"
	},
	{
		"cargo": "pv",
		"setor": "3035"
	},
	{
		"cargo": "pv",
		"setor": "3036"
	},
	{
		"cargo": "pv",
		"setor": "3038"
	},
	{
		"cargo": "pv",
		"setor": "3039"
	},
	{
		"cargo": "pv",
		"setor": "3042"
	},
	{
		"cargo": "pv",
		"setor": "3043"
	},
	{
		"cargo": "pv",
		"setor": "3045"
	},
	{
		"cargo": "pv",
		"setor": "3046"
	},
	{
		"cargo": "pv",
		"setor": "3048"
	},
	{
		"cargo": "pv",
		"setor": "3049"
	},
	{
		"cargo": "pv",
		"setor": "3051"
	},
	{
		"cargo": "pv",
		"setor": "3053"
	},
	{
		"cargo": "pv",
		"setor": "3054"
	},
	{
		"cargo": "pv",
		"setor": "3056"
	},
	{
		"cargo": "pv",
		"setor": "3057"
	},
	{
		"cargo": "pv",
		"setor": "3059"
	},
	{
		"cargo": "pv",
		"setor": "3071"
	},
	{
		"cargo": "pv",
		"setor": "3073"
	},
	{
		"cargo": "pv",
		"setor": "3074"
	},
	{
		"cargo": "pv",
		"setor": "3076"
	},
	{
		"cargo": "pv",
		"setor": "3077"
	},
	{
		"cargo": "pv",
		"setor": "3079"
	},
	{
		"cargo": "pv",
		"setor": "3081"
	},
	{
		"cargo": "pv",
		"setor": "3083"
	},
	{
		"cargo": "pv",
		"setor": "3084"
	},
	{
		"cargo": "pv",
		"setor": "3086"
	},
	{
		"cargo": "pv",
		"setor": "3092"
	},
	{
		"cargo": "pv",
		"setor": "3093"
	},
	{
		"cargo": "pv",
		"setor": "3111"
	},
	{
		"cargo": "pv",
		"setor": "3112"
	},
	{
		"cargo": "pv",
		"setor": "3113"
	},
	{
		"cargo": "pv",
		"setor": "3121"
	},
	{
		"cargo": "pv",
		"setor": "3122"
	},
	{
		"cargo": "pv",
		"setor": "3123"
	},
	{
		"cargo": "pv",
		"setor": "3131"
	},
	{
		"cargo": "pv",
		"setor": "3132"
	},
	{
		"cargo": "pv",
		"setor": "3133"
	},
	{
		"cargo": "pv",
		"setor": "3141"
	},
	{
		"cargo": "pv",
		"setor": "3142"
	},
	{
		"cargo": "pv",
		"setor": "3143"
	},
	{
		"cargo": "pv",
		"setor": "3151"
	},
	{
		"cargo": "pv",
		"setor": "3152"
	},
	{
		"cargo": "pv",
		"setor": "3153"
	},
	{
		"cargo": "pv",
		"setor": "3161"
	},
	{
		"cargo": "pv",
		"setor": "3162"
	},
	{
		"cargo": "pv",
		"setor": "3163"
	},
	{
		"cargo": "pv",
		"setor": "3171"
	},
	{
		"cargo": "pv",
		"setor": "3172"
	},
	{
		"cargo": "pv",
		"setor": "3173"
	},
	{
		"cargo": "pv",
		"setor": "3181"
	},
	{
		"cargo": "pv",
		"setor": "3182"
	},
	{
		"cargo": "pv",
		"setor": "3183"
	},
	{
		"cargo": "pv",
		"setor": "3184"
	},
	{
		"cargo": "pv",
		"setor": "3191"
	},
	{
		"cargo": "pv",
		"setor": "3192"
	},
	{
		"cargo": "pv",
		"setor": "3193"
	},
	{
		"cargo": "pv",
		"setor": "3211"
	},
	{
		"cargo": "pv",
		"setor": "3212"
	},
	{
		"cargo": "pv",
		"setor": "3213"
	},
	{
		"cargo": "pv",
		"setor": "3214"
	},
	{
		"cargo": "pv",
		"setor": "3215"
	},
	{
		"cargo": "pv",
		"setor": "3216"
	},
	{
		"cargo": "pv",
		"setor": "3217"
	},
	{
		"cargo": "pv",
		"setor": "3218"
	},
	{
		"cargo": "pv",
		"setor": "3219"
	},
	{
		"cargo": "pv",
		"setor": "3221"
	},
	{
		"cargo": "pv",
		"setor": "3222"
	},
	{
		"cargo": "pv",
		"setor": "3223"
	},
	{
		"cargo": "pv",
		"setor": "3224"
	},
	{
		"cargo": "pv",
		"setor": "3225"
	},
	{
		"cargo": "pv",
		"setor": "3226"
	},
	{
		"cargo": "pv",
		"setor": "3227"
	},
	{
		"cargo": "pv",
		"setor": "3228"
	},
	{
		"cargo": "pv",
		"setor": "3229"
	},
	{
		"cargo": "pv",
		"setor": "3231"
	},
	{
		"cargo": "pv",
		"setor": "3232"
	},
	{
		"cargo": "pv",
		"setor": "3233"
	},
	{
		"cargo": "pv",
		"setor": "3234"
	},
	{
		"cargo": "pv",
		"setor": "3235"
	},
	{
		"cargo": "pv",
		"setor": "3236"
	},
	{
		"cargo": "pv",
		"setor": "3237"
	},
	{
		"cargo": "pv",
		"setor": "3238"
	},
	{
		"cargo": "pv",
		"setor": "3239"
	},
	{
		"cargo": "pv",
		"setor": "3241"
	},
	{
		"cargo": "pv",
		"setor": "3242"
	},
	{
		"cargo": "pv",
		"setor": "3243"
	},
	{
		"cargo": "pv",
		"setor": "3244"
	},
	{
		"cargo": "pv",
		"setor": "3245"
	},
	{
		"cargo": "pv",
		"setor": "3246"
	},
	{
		"cargo": "pv",
		"setor": "3247"
	},
	{
		"cargo": "pv",
		"setor": "3248"
	},
	{
		"cargo": "pv",
		"setor": "3249"
	},
	{
		"cargo": "pv",
		"setor": "3251"
	},
	{
		"cargo": "pv",
		"setor": "3252"
	},
	{
		"cargo": "pv",
		"setor": "3311"
	},
	{
		"cargo": "pv",
		"setor": "3312"
	},
	{
		"cargo": "pv",
		"setor": "3313"
	},
	{
		"cargo": "pv",
		"setor": "3314"
	},
	{
		"cargo": "pv",
		"setor": "3315"
	},
	{
		"cargo": "pv",
		"setor": "3316"
	},
	{
		"cargo": "pv",
		"setor": "3317"
	},
	{
		"cargo": "pv",
		"setor": "3318"
	},
	{
		"cargo": "pv",
		"setor": "3319"
	},
	{
		"cargo": "pv",
		"setor": "3321"
	},
	{
		"cargo": "pv",
		"setor": "3322"
	},
	{
		"cargo": "pv",
		"setor": "3323"
	},
	{
		"cargo": "pv",
		"setor": "3324"
	},
	{
		"cargo": "pv",
		"setor": "3325"
	},
	{
		"cargo": "pv",
		"setor": "3326"
	},
	{
		"cargo": "pv",
		"setor": "3327"
	},
	{
		"cargo": "pv",
		"setor": "3328"
	},
	{
		"cargo": "pv",
		"setor": "3329"
	},
	{
		"cargo": "pv",
		"setor": "3331"
	},
	{
		"cargo": "pv",
		"setor": "3332"
	},
	{
		"cargo": "pv",
		"setor": "3333"
	},
	{
		"cargo": "pv",
		"setor": "3334"
	},
	{
		"cargo": "pv",
		"setor": "3335"
	},
	{
		"cargo": "pv",
		"setor": "3336"
	},
	{
		"cargo": "pv",
		"setor": "3337"
	},
	{
		"cargo": "pv",
		"setor": "3338"
	},
	{
		"cargo": "pv",
		"setor": "3339"
	},
	{
		"cargo": "pv",
		"setor": "3341"
	},
	{
		"cargo": "pv",
		"setor": "3342"
	},
	{
		"cargo": "pv",
		"setor": "3343"
	},
	{
		"cargo": "pv",
		"setor": "3344"
	},
	{
		"cargo": "pv",
		"setor": "3345"
	},
	{
		"cargo": "pv",
		"setor": "3411"
	},
	{
		"cargo": "pv",
		"setor": "3412"
	},
	{
		"cargo": "pv",
		"setor": "3413"
	},
	{
		"cargo": "pv",
		"setor": "3414"
	},
	{
		"cargo": "pv",
		"setor": "3415"
	},
	{
		"cargo": "pv",
		"setor": "3416"
	},
	{
		"cargo": "pv",
		"setor": "3417"
	},
	{
		"cargo": "pv",
		"setor": "3418"
	},
	{
		"cargo": "pv",
		"setor": "3419"
	},
	{
		"cargo": "pv",
		"setor": "3421"
	},
	{
		"cargo": "pv",
		"setor": "3422"
	},
	{
		"cargo": "pv",
		"setor": "3423"
	},
	{
		"cargo": "pv",
		"setor": "3424"
	},
	{
		"cargo": "pv",
		"setor": "3425"
	},
	{
		"cargo": "pv",
		"setor": "3426"
	},
	{
		"cargo": "pv",
		"setor": "3427"
	},
	{
		"cargo": "pv",
		"setor": "3428"
	},
	{
		"cargo": "pv",
		"setor": "3429"
	},
	{
		"cargo": "pv",
		"setor": "3431"
	},
	{
		"cargo": "pv",
		"setor": "3432"
	},
	{
		"cargo": "pv",
		"setor": "3433"
	},
	{
		"cargo": "pv",
		"setor": "3434"
	},
	{
		"cargo": "pv",
		"setor": "3435"
	},
	{
		"cargo": "pv",
		"setor": "3436"
	},
	{
		"cargo": "pv",
		"setor": "3437"
	},
	{
		"cargo": "pv",
		"setor": "3438"
	},
	{
		"cargo": "pv",
		"setor": "3439"
	},
	{
		"cargo": "pv",
		"setor": "3441"
	},
	{
		"cargo": "pv",
		"setor": "3442"
	},
	{
		"cargo": "pv",
		"setor": "3443"
	},
	{
		"cargo": "pv",
		"setor": "3444"
	},
	{
		"cargo": "pv",
		"setor": "3445"
	},
	{
		"cargo": "pv",
		"setor": "3446"
	},
	{
		"cargo": "pv",
		"setor": "3451"
	},
	{
		"cargo": "pv",
		"setor": "3452"
	},
	{
		"cargo": "pv",
		"setor": "3453"
	},
	{
		"cargo": "pv",
		"setor": "3454"
	},
	{
		"cargo": "pv",
		"setor": "3455"
	},
	{
		"cargo": "pv",
		"setor": "3456"
	},
	{
		"cargo": "pv",
		"setor": "3501"
	},
	{
		"cargo": "pv",
		"setor": "3502"
	},
	{
		"cargo": "pv",
		"setor": "3503"
	},
	{
		"cargo": "pv",
		"setor": "3504"
	},
	{
		"cargo": "pv",
		"setor": "3505"
	},
	{
		"cargo": "pv",
		"setor": "3506"
	},
	{
		"cargo": "pv",
		"setor": "3507"
	},
	{
		"cargo": "pv",
		"setor": "3508"
	},
	{
		"cargo": "pv",
		"setor": "3509"
	},
	{
		"cargo": "pv",
		"setor": "3521"
	},
	{
		"cargo": "pv",
		"setor": "3522"
	},
	{
		"cargo": "pv",
		"setor": "3523"
	},
	{
		"cargo": "pv",
		"setor": "3531"
	},
	{
		"cargo": "pv",
		"setor": "3532"
	},
	{
		"cargo": "pv",
		"setor": "3533"
	},
	{
		"cargo": "pv",
		"setor": "3534"
	},
	{
		"cargo": "pv",
		"setor": "3535"
	},
	{
		"cargo": "pv",
		"setor": "3536"
	},
	{
		"cargo": "pv",
		"setor": "3537"
	},
	{
		"cargo": "pv",
		"setor": "3541"
	},
	{
		"cargo": "pv",
		"setor": "3542"
	},
	{
		"cargo": "pv",
		"setor": "3543"
	},
	{
		"cargo": "pv",
		"setor": "3544"
	},
	{
		"cargo": "pv",
		"setor": "3551"
	},
	{
		"cargo": "pv",
		"setor": "3552"
	},
	{
		"cargo": "pv",
		"setor": "3553"
	},
	{
		"cargo": "pv",
		"setor": "3561"
	},
	{
		"cargo": "pv",
		"setor": "3562"
	},
	{
		"cargo": "pv",
		"setor": "3563"
	},
	{
		"cargo": "pv",
		"setor": "3571"
	},
	{
		"cargo": "pv",
		"setor": "3572"
	},
	{
		"cargo": "pv",
		"setor": "3573"
	},
	{
		"cargo": "pv",
		"setor": "3574"
	},
	{
		"cargo": "pv",
		"setor": "3575"
	},
	{
		"cargo": "pv",
		"setor": "3576"
	},
	{
		"cargo": "pv",
		"setor": "3577"
	},
	{
		"cargo": "pv",
		"setor": "3578"
	},
	{
		"cargo": "pv",
		"setor": "3579"
	},
	{
		"cargo": "pv",
		"setor": "3581"
	},
	{
		"cargo": "pv",
		"setor": "3582"
	},
	{
		"cargo": "pv",
		"setor": "3583"
	},
	{
		"cargo": "pv",
		"setor": "3611"
	},
	{
		"cargo": "pv",
		"setor": "3612"
	},
	{
		"cargo": "pv",
		"setor": "3613"
	},
	{
		"cargo": "pv",
		"setor": "3616"
	},
	{
		"cargo": "pv",
		"setor": "3617"
	},
	{
		"cargo": "pv",
		"setor": "3618"
	},
	{
		"cargo": "pv",
		"setor": "3621"
	},
	{
		"cargo": "pv",
		"setor": "3622"
	},
	{
		"cargo": "pv",
		"setor": "3623"
	},
	{
		"cargo": "pv",
		"setor": "3626"
	},
	{
		"cargo": "pv",
		"setor": "3627"
	},
	{
		"cargo": "pv",
		"setor": "3628"
	},
	{
		"cargo": "pv",
		"setor": "3631"
	},
	{
		"cargo": "pv",
		"setor": "3632"
	},
	{
		"cargo": "pv",
		"setor": "3633"
	},
	{
		"cargo": "pv",
		"setor": "3636"
	},
	{
		"cargo": "pv",
		"setor": "3637"
	},
	{
		"cargo": "pv",
		"setor": "3638"
	},
	{
		"cargo": "pv",
		"setor": "3641"
	},
	{
		"cargo": "pv",
		"setor": "3642"
	},
	{
		"cargo": "pv",
		"setor": "3643"
	},
	{
		"cargo": "pv",
		"setor": "3646"
	},
	{
		"cargo": "pv",
		"setor": "3647"
	},
	{
		"cargo": "pv",
		"setor": "3648"
	},
	{
		"cargo": "pv",
		"setor": "3651"
	},
	{
		"cargo": "pv",
		"setor": "3652"
	},
	{
		"cargo": "pv",
		"setor": "3653"
	},
	{
		"cargo": "pv",
		"setor": "3656"
	},
	{
		"cargo": "pv",
		"setor": "3657"
	},
	{
		"cargo": "pv",
		"setor": "3658"
	},
	{
		"cargo": "pv",
		"setor": "3661"
	},
	{
		"cargo": "pv",
		"setor": "3662"
	},
	{
		"cargo": "pv",
		"setor": "3663"
	},
	{
		"cargo": "pv",
		"setor": "3666"
	},
	{
		"cargo": "pv",
		"setor": "3667"
	},
	{
		"cargo": "pv",
		"setor": "3668"
	},
	{
		"cargo": "pv",
		"setor": "3669"
	},
	{
		"cargo": "pv",
		"setor": "3671"
	},
	{
		"cargo": "pv",
		"setor": "3672"
	},
	{
		"cargo": "pv",
		"setor": "3673"
	},
	{
		"cargo": "pv",
		"setor": "3676"
	},
	{
		"cargo": "pv",
		"setor": "3677"
	},
	{
		"cargo": "pv",
		"setor": "3678"
	},
	{
		"cargo": "pv",
		"setor": "3681"
	},
	{
		"cargo": "pv",
		"setor": "3682"
	},
	{
		"cargo": "pv",
		"setor": "3683"
	},
	{
		"cargo": "pv",
		"setor": "3711"
	},
	{
		"cargo": "pv",
		"setor": "3712"
	},
	{
		"cargo": "pv",
		"setor": "3713"
	},
	{
		"cargo": "pv",
		"setor": "3721"
	},
	{
		"cargo": "pv",
		"setor": "3722"
	},
	{
		"cargo": "pv",
		"setor": "3723"
	},
	{
		"cargo": "pv",
		"setor": "3731"
	},
	{
		"cargo": "pv",
		"setor": "3732"
	},
	{
		"cargo": "pv",
		"setor": "3733"
	},
	{
		"cargo": "pv",
		"setor": "3741"
	},
	{
		"cargo": "pv",
		"setor": "3742"
	},
	{
		"cargo": "pv",
		"setor": "3743"
	},
	{
		"cargo": "pv",
		"setor": "3751"
	},
	{
		"cargo": "pv",
		"setor": "3752"
	},
	{
		"cargo": "pv",
		"setor": "3753"
	},
	{
		"cargo": "pv",
		"setor": "3761"
	},
	{
		"cargo": "pv",
		"setor": "3762"
	},
	{
		"cargo": "pv",
		"setor": "3763"
	},
	{
		"cargo": "pv",
		"setor": "3771"
	},
	{
		"cargo": "pv",
		"setor": "3772"
	},
	{
		"cargo": "pv",
		"setor": "3773"
	},
	{
		"cargo": "pv",
		"setor": "3774"
	},
	{
		"cargo": "pv",
		"setor": "3775"
	},
	{
		"cargo": "pv",
		"setor": "3776"
	},
	{
		"cargo": "pv",
		"setor": "3781"
	},
	{
		"cargo": "pv",
		"setor": "3782"
	},
	{
		"cargo": "pv",
		"setor": "3783"
	},
	{
		"cargo": "pv",
		"setor": "3784"
	},
	{
		"cargo": "pv",
		"setor": "3791"
	},
	{
		"cargo": "pv",
		"setor": "3792"
	},
	{
		"cargo": "pv",
		"setor": "3793"
	},
	{
		"cargo": "pv",
		"setor": "3811"
	},
	{
		"cargo": "pv",
		"setor": "3812"
	},
	{
		"cargo": "pv",
		"setor": "3813"
	},
	{
		"cargo": "pv",
		"setor": "3814"
	},
	{
		"cargo": "pv",
		"setor": "3815"
	},
	{
		"cargo": "pv",
		"setor": "3816"
	},
	{
		"cargo": "pv",
		"setor": "3817"
	},
	{
		"cargo": "pv",
		"setor": "3819"
	},
	{
		"cargo": "pv",
		"setor": "3821"
	},
	{
		"cargo": "pv",
		"setor": "3822"
	},
	{
		"cargo": "pv",
		"setor": "3823"
	},
	{
		"cargo": "pv",
		"setor": "3824"
	},
	{
		"cargo": "pv",
		"setor": "3825"
	},
	{
		"cargo": "pv",
		"setor": "3826"
	},
	{
		"cargo": "pv",
		"setor": "3827"
	},
	{
		"cargo": "pv",
		"setor": "3828"
	},
	{
		"cargo": "pv",
		"setor": "3829"
	},
	{
		"cargo": "pv",
		"setor": "3831"
	},
	{
		"cargo": "pv",
		"setor": "3832"
	},
	{
		"cargo": "pv",
		"setor": "3833"
	},
	{
		"cargo": "pv",
		"setor": "3834"
	},
	{
		"cargo": "pv",
		"setor": "3835"
	},
	{
		"cargo": "pv",
		"setor": "3836"
	},
	{
		"cargo": "pv",
		"setor": "3837"
	},
	{
		"cargo": "pv",
		"setor": "3838"
	},
	{
		"cargo": "pv",
		"setor": "3839"
	},
	{
		"cargo": "pv",
		"setor": "3911"
	},
	{
		"cargo": "pv",
		"setor": "3912"
	},
	{
		"cargo": "pv",
		"setor": "3913"
	},
	{
		"cargo": "pv",
		"setor": "3914"
	},
	{
		"cargo": "pv",
		"setor": "3915"
	},
	{
		"cargo": "pv",
		"setor": "3916"
	},
	{
		"cargo": "pv",
		"setor": "3917"
	},
	{
		"cargo": "pv",
		"setor": "3918"
	},
	{
		"cargo": "pv",
		"setor": "3919"
	},
	{
		"cargo": "pv",
		"setor": "3921"
	},
	{
		"cargo": "pv",
		"setor": "3922"
	},
	{
		"cargo": "pv",
		"setor": "3923"
	},
	{
		"cargo": "pv",
		"setor": "3924"
	},
	{
		"cargo": "pv",
		"setor": "3925"
	},
	{
		"cargo": "pv",
		"setor": "3926"
	},
	{
		"cargo": "pv",
		"setor": "3927"
	},
	{
		"cargo": "pv",
		"setor": "3928"
	},
	{
		"cargo": "pv",
		"setor": "3929"
	},
	{
		"cargo": "pv",
		"setor": "3931"
	},
	{
		"cargo": "pv",
		"setor": "3932"
	},
	{
		"cargo": "pv",
		"setor": "3933"
	},
	{
		"cargo": "pv",
		"setor": "3934"
	},
	{
		"cargo": "pv",
		"setor": "3935"
	},
	{
		"cargo": "pv",
		"setor": "3936"
	},
	{
		"cargo": "pv",
		"setor": "3937"
	},
	{
		"cargo": "pv",
		"setor": "3938"
	},
	{
		"cargo": "pv",
		"setor": "3939"
	},
	{
		"cargo": "pv",
		"setor": "3941"
	},
	{
		"cargo": "pv",
		"setor": "3943"
	},
	{
		"cargo": "pv",
		"setor": "3947"
	},
	{
		"cargo": "pv",
		"setor": "3948"
	},
	{
		"cargo": "pv",
		"setor": "3951"
	},
	{
		"cargo": "pv",
		"setor": "3952"
	},
	{
		"cargo": "pv",
		"setor": "3955"
	},
	{
		"cargo": "pv",
		"setor": "3956"
	},
	{
		"cargo": "pv",
		"setor": "3957"
	},
	{
		"cargo": "pv",
		"setor": "3959"
	},
	{
		"cargo": "pv",
		"setor": "3961"
	},
	{
		"cargo": "pv",
		"setor": "3962"
	},
	{
		"cargo": "pv",
		"setor": "3964"
	},
	{
		"cargo": "pv",
		"setor": "3965"
	},
	{
		"cargo": "pv",
		"setor": "3966"
	},
	{
		"cargo": "pv",
		"setor": "3968"
	},
	{
		"cargo": "pv",
		"setor": "3969"
	},
	{
		"cargo": "pv",
		"setor": "3971"
	},
	{
		"cargo": "pv",
		"setor": "3973"
	},
	{
		"cargo": "pv",
		"setor": "3974"
	},
	{
		"cargo": "pv",
		"setor": "3975"
	},
	{
		"cargo": "pv",
		"setor": "3977"
	},
	{
		"cargo": "pv",
		"setor": "3978"
	},
	{
		"cargo": "pv",
		"setor": "3979"
	},
	{
		"cargo": "pv",
		"setor": "3982"
	},
	{
		"cargo": "pv",
		"setor": "3983"
	},
	{
		"cargo": "pv",
		"setor": "3984"
	},
	{
		"cargo": "pv",
		"setor": "3986"
	},
	{
		"cargo": "pv",
		"setor": "3991"
	},
	{
		"cargo": "pv",
		"setor": "3992"
	},
	{
		"cargo": "pv",
		"setor": "3993"
	},
	{
		"cargo": "pv",
		"setor": "3995"
	},
	{
		"cargo": "pv",
		"setor": "3996"
	},
	{
		"cargo": "pv",
		"setor": "3997"
	},
	{
		"cargo": "pv",
		"setor": "4051"
	},
	{
		"cargo": "pv",
		"setor": "4052"
	},
	{
		"cargo": "pv",
		"setor": "4053"
	},
	{
		"cargo": "pv",
		"setor": "4054"
	},
	{
		"cargo": "pv",
		"setor": "4055"
	},
	{
		"cargo": "pv",
		"setor": "4056"
	},
	{
		"cargo": "pv",
		"setor": "4057"
	},
	{
		"cargo": "pv",
		"setor": "4058"
	},
	{
		"cargo": "pv",
		"setor": "4059"
	},
	{
		"cargo": "pv",
		"setor": "4064"
	},
	{
		"cargo": "pv",
		"setor": "4065"
	},
	{
		"cargo": "pv",
		"setor": "4066"
	},
	{
		"cargo": "pv",
		"setor": "4067"
	},
	{
		"cargo": "pv",
		"setor": "4068"
	},
	{
		"cargo": "pv",
		"setor": "4069"
	},
	{
		"cargo": "pv",
		"setor": "4071"
	},
	{
		"cargo": "pv",
		"setor": "4072"
	},
	{
		"cargo": "pv",
		"setor": "4073"
	},
	{
		"cargo": "pv",
		"setor": "4074"
	},
	{
		"cargo": "pv",
		"setor": "4075"
	},
	{
		"cargo": "pv",
		"setor": "4076"
	},
	{
		"cargo": "pv",
		"setor": "4077"
	},
	{
		"cargo": "pv",
		"setor": "4078"
	},
	{
		"cargo": "pv",
		"setor": "4079"
	},
	{
		"cargo": "pv",
		"setor": "4081"
	},
	{
		"cargo": "pv",
		"setor": "4082"
	},
	{
		"cargo": "pv",
		"setor": "4083"
	},
	{
		"cargo": "pv",
		"setor": "4084"
	},
	{
		"cargo": "pv",
		"setor": "4085"
	},
	{
		"cargo": "pv",
		"setor": "4086"
	},
	{
		"cargo": "pv",
		"setor": "4087"
	},
	{
		"cargo": "pv",
		"setor": "4088"
	},
	{
		"cargo": "pv",
		"setor": "4089"
	},
	{
		"cargo": "pv",
		"setor": "4091"
	},
	{
		"cargo": "pv",
		"setor": "4092"
	},
	{
		"cargo": "pv",
		"setor": "4093"
	},
	{
		"cargo": "pv",
		"setor": "4094"
	},
	{
		"cargo": "pv",
		"setor": "4095"
	},
	{
		"cargo": "pv",
		"setor": "4096"
	},
	{
		"cargo": "pv",
		"setor": "4097"
	},
	{
		"cargo": "pv",
		"setor": "4098"
	},
	{
		"cargo": "pv",
		"setor": "4099"
	},
	{
		"cargo": "pv",
		"setor": "4101"
	},
	{
		"cargo": "pv",
		"setor": "4102"
	},
	{
		"cargo": "pv",
		"setor": "4103"
	},
	{
		"cargo": "pv",
		"setor": "4104"
	},
	{
		"cargo": "pv",
		"setor": "4105"
	},
	{
		"cargo": "pv",
		"setor": "4106"
	},
	{
		"cargo": "pv",
		"setor": "4107"
	},
	{
		"cargo": "pv",
		"setor": "4108"
	},
	{
		"cargo": "pv",
		"setor": "4109"
	},
	{
		"cargo": "pv",
		"setor": "4111"
	},
	{
		"cargo": "pv",
		"setor": "4112"
	},
	{
		"cargo": "pv",
		"setor": "4113"
	},
	{
		"cargo": "pv",
		"setor": "4114"
	},
	{
		"cargo": "pv",
		"setor": "4115"
	},
	{
		"cargo": "pv",
		"setor": "4116"
	},
	{
		"cargo": "pv",
		"setor": "4117"
	},
	{
		"cargo": "pv",
		"setor": "4118"
	},
	{
		"cargo": "pv",
		"setor": "4119"
	},
	{
		"cargo": "pv",
		"setor": "4121"
	},
	{
		"cargo": "pv",
		"setor": "4122"
	},
	{
		"cargo": "pv",
		"setor": "4123"
	},
	{
		"cargo": "pv",
		"setor": "4124"
	},
	{
		"cargo": "pv",
		"setor": "4125"
	},
	{
		"cargo": "pv",
		"setor": "4126"
	},
	{
		"cargo": "pv",
		"setor": "4127"
	},
	{
		"cargo": "pv",
		"setor": "4128"
	},
	{
		"cargo": "pv",
		"setor": "4129"
	},
	{
		"cargo": "pv",
		"setor": "4131"
	},
	{
		"cargo": "pv",
		"setor": "4132"
	},
	{
		"cargo": "pv",
		"setor": "4133"
	},
	{
		"cargo": "pv",
		"setor": "4134"
	},
	{
		"cargo": "pv",
		"setor": "4135"
	},
	{
		"cargo": "pv",
		"setor": "4136"
	},
	{
		"cargo": "pv",
		"setor": "4137"
	},
	{
		"cargo": "pv",
		"setor": "4138"
	},
	{
		"cargo": "pv",
		"setor": "4139"
	},
	{
		"cargo": "pv",
		"setor": "4141"
	},
	{
		"cargo": "pv",
		"setor": "4142"
	},
	{
		"cargo": "pv",
		"setor": "4143"
	},
	{
		"cargo": "pv",
		"setor": "4144"
	},
	{
		"cargo": "pv",
		"setor": "4145"
	},
	{
		"cargo": "pv",
		"setor": "4146"
	},
	{
		"cargo": "pv",
		"setor": "4147"
	},
	{
		"cargo": "pv",
		"setor": "4148"
	},
	{
		"cargo": "pv",
		"setor": "4149"
	},
	{
		"cargo": "pv",
		"setor": "4151"
	},
	{
		"cargo": "pv",
		"setor": "4152"
	},
	{
		"cargo": "pv",
		"setor": "4153"
	},
	{
		"cargo": "pv",
		"setor": "4154"
	},
	{
		"cargo": "pv",
		"setor": "4155"
	},
	{
		"cargo": "pv",
		"setor": "4156"
	},
	{
		"cargo": "pv",
		"setor": "4157"
	},
	{
		"cargo": "pv",
		"setor": "4158"
	},
	{
		"cargo": "pv",
		"setor": "4159"
	},
	{
		"cargo": "pv",
		"setor": "4161"
	},
	{
		"cargo": "pv",
		"setor": "4162"
	},
	{
		"cargo": "pv",
		"setor": "4163"
	},
	{
		"cargo": "pv",
		"setor": "4164"
	},
	{
		"cargo": "pv",
		"setor": "4165"
	},
	{
		"cargo": "pv",
		"setor": "4166"
	},
	{
		"cargo": "pv",
		"setor": "4167"
	},
	{
		"cargo": "pv",
		"setor": "4168"
	},
	{
		"cargo": "pv",
		"setor": "4169"
	},
	{
		"cargo": "pv",
		"setor": "4171"
	},
	{
		"cargo": "pv",
		"setor": "4172"
	},
	{
		"cargo": "pv",
		"setor": "4173"
	},
	{
		"cargo": "pv",
		"setor": "4174"
	},
	{
		"cargo": "pv",
		"setor": "4175"
	},
	{
		"cargo": "pv",
		"setor": "4176"
	},
	{
		"cargo": "pv",
		"setor": "4177"
	},
	{
		"cargo": "pv",
		"setor": "4178"
	},
	{
		"cargo": "pv",
		"setor": "4179"
	},
	{
		"cargo": "pv",
		"setor": "4181"
	},
	{
		"cargo": "pv",
		"setor": "4182"
	},
	{
		"cargo": "pv",
		"setor": "4183"
	},
	{
		"cargo": "pv",
		"setor": "4184"
	},
	{
		"cargo": "pv",
		"setor": "4185"
	},
	{
		"cargo": "pv",
		"setor": "4186"
	},
	{
		"cargo": "pv",
		"setor": "4187"
	},
	{
		"cargo": "pv",
		"setor": "4188"
	},
	{
		"cargo": "pv",
		"setor": "4195"
	},
	{
		"cargo": "pv",
		"setor": "4196"
	},
	{
		"cargo": "pv",
		"setor": "4197"
	},
	{
		"cargo": "pv",
		"setor": "4198"
	},
	{
		"cargo": "pv",
		"setor": "4199"
	},
	{
		"cargo": "pv",
		"setor": "4201"
	},
	{
		"cargo": "pv",
		"setor": "4202"
	},
	{
		"cargo": "pv",
		"setor": "4203"
	},
	{
		"cargo": "pv",
		"setor": "4204"
	},
	{
		"cargo": "pv",
		"setor": "4205"
	},
	{
		"cargo": "pv",
		"setor": "4206"
	},
	{
		"cargo": "pv",
		"setor": "4207"
	},
	{
		"cargo": "pv",
		"setor": "4208"
	},
	{
		"cargo": "pv",
		"setor": "4209"
	},
	{
		"cargo": "pv",
		"setor": "4211"
	},
	{
		"cargo": "pv",
		"setor": "4212"
	},
	{
		"cargo": "pv",
		"setor": "4213"
	},
	{
		"cargo": "pv",
		"setor": "4214"
	},
	{
		"cargo": "pv",
		"setor": "4215"
	},
	{
		"cargo": "pv",
		"setor": "4216"
	},
	{
		"cargo": "pv",
		"setor": "4217"
	},
	{
		"cargo": "pv",
		"setor": "4218"
	},
	{
		"cargo": "pv",
		"setor": "4219"
	},
	{
		"cargo": "pv",
		"setor": "4221"
	},
	{
		"cargo": "pv",
		"setor": "4222"
	},
	{
		"cargo": "pv",
		"setor": "4223"
	},
	{
		"cargo": "pv",
		"setor": "4224"
	},
	{
		"cargo": "pv",
		"setor": "4225"
	},
	{
		"cargo": "pv",
		"setor": "4226"
	},
	{
		"cargo": "pv",
		"setor": "4227"
	},
	{
		"cargo": "pv",
		"setor": "4228"
	},
	{
		"cargo": "pv",
		"setor": "4229"
	},
	{
		"cargo": "pv",
		"setor": "4231"
	},
	{
		"cargo": "pv",
		"setor": "4232"
	},
	{
		"cargo": "pv",
		"setor": "4233"
	},
	{
		"cargo": "pv",
		"setor": "4234"
	},
	{
		"cargo": "pv",
		"setor": "4235"
	},
	{
		"cargo": "pv",
		"setor": "4236"
	},
	{
		"cargo": "pv",
		"setor": "4237"
	},
	{
		"cargo": "pv",
		"setor": "4238"
	},
	{
		"cargo": "pv",
		"setor": "4239"
	},
	{
		"cargo": "pv",
		"setor": "4241"
	},
	{
		"cargo": "pv",
		"setor": "4242"
	},
	{
		"cargo": "pv",
		"setor": "4243"
	},
	{
		"cargo": "pv",
		"setor": "4244"
	},
	{
		"cargo": "pv",
		"setor": "4245"
	},
	{
		"cargo": "pv",
		"setor": "4246"
	},
	{
		"cargo": "pv",
		"setor": "4247"
	},
	{
		"cargo": "pv",
		"setor": "4248"
	},
	{
		"cargo": "pv",
		"setor": "4249"
	},
	{
		"cargo": "pv",
		"setor": "4251"
	},
	{
		"cargo": "pv",
		"setor": "4252"
	},
	{
		"cargo": "pv",
		"setor": "4253"
	},
	{
		"cargo": "pv",
		"setor": "4254"
	},
	{
		"cargo": "pv",
		"setor": "4255"
	},
	{
		"cargo": "pv",
		"setor": "4256"
	},
	{
		"cargo": "pv",
		"setor": "4257"
	},
	{
		"cargo": "pv",
		"setor": "4258"
	},
	{
		"cargo": "pv",
		"setor": "4259"
	},
	{
		"cargo": "pv",
		"setor": "4261"
	},
	{
		"cargo": "pv",
		"setor": "4262"
	},
	{
		"cargo": "pv",
		"setor": "4263"
	},
	{
		"cargo": "pv",
		"setor": "4264"
	},
	{
		"cargo": "pv",
		"setor": "4265"
	},
	{
		"cargo": "pv",
		"setor": "4266"
	},
	{
		"cargo": "pv",
		"setor": "4267"
	},
	{
		"cargo": "pv",
		"setor": "4268"
	},
	{
		"cargo": "pv",
		"setor": "4269"
	},
	{
		"cargo": "pv",
		"setor": "4271"
	},
	{
		"cargo": "pv",
		"setor": "4272"
	},
	{
		"cargo": "pv",
		"setor": "4273"
	},
	{
		"cargo": "pv",
		"setor": "4274"
	},
	{
		"cargo": "pv",
		"setor": "4275"
	},
	{
		"cargo": "pv",
		"setor": "4276"
	},
	{
		"cargo": "pv",
		"setor": "4277"
	},
	{
		"cargo": "pv",
		"setor": "4278"
	},
	{
		"cargo": "pv",
		"setor": "4279"
	},
	{
		"cargo": "pv",
		"setor": "4281"
	},
	{
		"cargo": "pv",
		"setor": "4282"
	},
	{
		"cargo": "pv",
		"setor": "4283"
	},
	{
		"cargo": "pv",
		"setor": "4284"
	},
	{
		"cargo": "pv",
		"setor": "4285"
	},
	{
		"cargo": "pv",
		"setor": "4286"
	},
	{
		"cargo": "pv",
		"setor": "4287"
	},
	{
		"cargo": "pv",
		"setor": "4288"
	},
	{
		"cargo": "pv",
		"setor": "4289"
	},
	{
		"cargo": "pv",
		"setor": "4291"
	},
	{
		"cargo": "pv",
		"setor": "4292"
	},
	{
		"cargo": "pv",
		"setor": "4293"
	},
	{
		"cargo": "pv",
		"setor": "4294"
	},
	{
		"cargo": "pv",
		"setor": "4295"
	},
	{
		"cargo": "pv",
		"setor": "4296"
	},
	{
		"cargo": "pv",
		"setor": "4297"
	},
	{
		"cargo": "pv",
		"setor": "4298"
	},
	{
		"cargo": "pv",
		"setor": "4299"
	},
	{
		"cargo": "pv",
		"setor": "4301"
	},
	{
		"cargo": "pv",
		"setor": "4302"
	},
	{
		"cargo": "pv",
		"setor": "4303"
	},
	{
		"cargo": "pv",
		"setor": "4304"
	},
	{
		"cargo": "pv",
		"setor": "4305"
	},
	{
		"cargo": "pv",
		"setor": "4306"
	},
	{
		"cargo": "pv",
		"setor": "4307"
	},
	{
		"cargo": "pv",
		"setor": "4308"
	},
	{
		"cargo": "pv",
		"setor": "4309"
	},
	{
		"cargo": "pv",
		"setor": "4311"
	},
	{
		"cargo": "pv",
		"setor": "4312"
	},
	{
		"cargo": "pv",
		"setor": "4313"
	},
	{
		"cargo": "pv",
		"setor": "4314"
	},
	{
		"cargo": "pv",
		"setor": "4315"
	},
	{
		"cargo": "pv",
		"setor": "4316"
	},
	{
		"cargo": "pv",
		"setor": "4317"
	},
	{
		"cargo": "pv",
		"setor": "4318"
	},
	{
		"cargo": "pv",
		"setor": "4319"
	},
	{
		"cargo": "pv",
		"setor": "4326"
	},
	{
		"cargo": "pv",
		"setor": "4327"
	},
	{
		"cargo": "pv",
		"setor": "4328"
	},
	{
		"cargo": "pv",
		"setor": "4329"
	},
	{
		"cargo": "pv",
		"setor": "4331"
	},
	{
		"cargo": "pv",
		"setor": "4332"
	},
	{
		"cargo": "pv",
		"setor": "4333"
	},
	{
		"cargo": "pv",
		"setor": "4334"
	},
	{
		"cargo": "pv",
		"setor": "4335"
	},
	{
		"cargo": "pv",
		"setor": "4336"
	},
	{
		"cargo": "pv",
		"setor": "4337"
	},
	{
		"cargo": "pv",
		"setor": "4338"
	},
	{
		"cargo": "pv",
		"setor": "4339"
	},
	{
		"cargo": "pv",
		"setor": "4341"
	},
	{
		"cargo": "pv",
		"setor": "4342"
	},
	{
		"cargo": "pv",
		"setor": "4343"
	},
	{
		"cargo": "pv",
		"setor": "4344"
	},
	{
		"cargo": "pv",
		"setor": "4345"
	},
	{
		"cargo": "pv",
		"setor": "4346"
	},
	{
		"cargo": "pv",
		"setor": "4347"
	},
	{
		"cargo": "pv",
		"setor": "4348"
	},
	{
		"cargo": "pv",
		"setor": "4349"
	},
	{
		"cargo": "pv",
		"setor": "4351"
	},
	{
		"cargo": "pv",
		"setor": "4352"
	},
	{
		"cargo": "pv",
		"setor": "4353"
	},
	{
		"cargo": "pv",
		"setor": "4354"
	},
	{
		"cargo": "pv",
		"setor": "4355"
	},
	{
		"cargo": "pv",
		"setor": "4356"
	},
	{
		"cargo": "pv",
		"setor": "4357"
	},
	{
		"cargo": "pv",
		"setor": "4358"
	},
	{
		"cargo": "pv",
		"setor": "4359"
	},
	{
		"cargo": "pv",
		"setor": "4361"
	},
	{
		"cargo": "pv",
		"setor": "4362"
	},
	{
		"cargo": "pv",
		"setor": "4363"
	},
	{
		"cargo": "pv",
		"setor": "4364"
	},
	{
		"cargo": "pv",
		"setor": "4365"
	},
	{
		"cargo": "pv",
		"setor": "4366"
	},
	{
		"cargo": "pv",
		"setor": "4367"
	},
	{
		"cargo": "pv",
		"setor": "4368"
	},
	{
		"cargo": "pv",
		"setor": "4369"
	},
	{
		"cargo": "pv",
		"setor": "4371"
	},
	{
		"cargo": "pv",
		"setor": "4372"
	},
	{
		"cargo": "pv",
		"setor": "4373"
	},
	{
		"cargo": "pv",
		"setor": "4374"
	},
	{
		"cargo": "pv",
		"setor": "4375"
	},
	{
		"cargo": "pv",
		"setor": "4376"
	},
	{
		"cargo": "pv",
		"setor": "4377"
	},
	{
		"cargo": "pv",
		"setor": "4378"
	},
	{
		"cargo": "pv",
		"setor": "4379"
	},
	{
		"cargo": "pv",
		"setor": "4381"
	},
	{
		"cargo": "pv",
		"setor": "4382"
	},
	{
		"cargo": "pv",
		"setor": "4383"
	},
	{
		"cargo": "pv",
		"setor": "4384"
	},
	{
		"cargo": "pv",
		"setor": "4385"
	},
	{
		"cargo": "pv",
		"setor": "4386"
	},
	{
		"cargo": "pv",
		"setor": "4387"
	},
	{
		"cargo": "pv",
		"setor": "4388"
	},
	{
		"cargo": "pv",
		"setor": "4389"
	},
	{
		"cargo": "pv",
		"setor": "4391"
	},
	{
		"cargo": "pv",
		"setor": "4392"
	},
	{
		"cargo": "pv",
		"setor": "4393"
	},
	{
		"cargo": "pv",
		"setor": "4394"
	},
	{
		"cargo": "pv",
		"setor": "4395"
	},
	{
		"cargo": "pv",
		"setor": "4396"
	},
	{
		"cargo": "pv",
		"setor": "4397"
	},
	{
		"cargo": "pv",
		"setor": "4398"
	},
	{
		"cargo": "pv",
		"setor": "4399"
	},
	{
		"cargo": "pv",
		"setor": "4401"
	},
	{
		"cargo": "pv",
		"setor": "4402"
	},
	{
		"cargo": "pv",
		"setor": "4403"
	},
	{
		"cargo": "pv",
		"setor": "4404"
	},
	{
		"cargo": "pv",
		"setor": "4405"
	},
	{
		"cargo": "pv",
		"setor": "4406"
	},
	{
		"cargo": "pv",
		"setor": "4407"
	},
	{
		"cargo": "pv",
		"setor": "4408"
	},
	{
		"cargo": "pv",
		"setor": "4409"
	},
	{
		"cargo": "pv",
		"setor": "4411"
	},
	{
		"cargo": "pv",
		"setor": "4412"
	},
	{
		"cargo": "pv",
		"setor": "4413"
	},
	{
		"cargo": "pv",
		"setor": "4414"
	},
	{
		"cargo": "pv",
		"setor": "4415"
	},
	{
		"cargo": "pv",
		"setor": "4416"
	},
	{
		"cargo": "pv",
		"setor": "4417"
	},
	{
		"cargo": "pv",
		"setor": "4418"
	},
	{
		"cargo": "pv",
		"setor": "4419"
	},
	{
		"cargo": "pv",
		"setor": "4421"
	},
	{
		"cargo": "pv",
		"setor": "4422"
	},
	{
		"cargo": "pv",
		"setor": "4423"
	},
	{
		"cargo": "pv",
		"setor": "4424"
	},
	{
		"cargo": "pv",
		"setor": "4425"
	},
	{
		"cargo": "pv",
		"setor": "4426"
	},
	{
		"cargo": "pv",
		"setor": "4427"
	},
	{
		"cargo": "pv",
		"setor": "4428"
	},
	{
		"cargo": "pv",
		"setor": "4429"
	},
	{
		"cargo": "pv",
		"setor": "4431"
	},
	{
		"cargo": "pv",
		"setor": "4432"
	},
	{
		"cargo": "pv",
		"setor": "4433"
	},
	{
		"cargo": "pv",
		"setor": "4434"
	},
	{
		"cargo": "pv",
		"setor": "4435"
	},
	{
		"cargo": "pv",
		"setor": "4436"
	},
	{
		"cargo": "pv",
		"setor": "4437"
	},
	{
		"cargo": "pv",
		"setor": "4438"
	},
	{
		"cargo": "pv",
		"setor": "4439"
	},
	{
		"cargo": "pv",
		"setor": "4441"
	},
	{
		"cargo": "pv",
		"setor": "4442"
	},
	{
		"cargo": "pv",
		"setor": "4443"
	},
	{
		"cargo": "pv",
		"setor": "4444"
	},
	{
		"cargo": "pv",
		"setor": "4445"
	},
	{
		"cargo": "pv",
		"setor": "4446"
	},
	{
		"cargo": "pv",
		"setor": "4447"
	},
	{
		"cargo": "pv",
		"setor": "4448"
	},
	{
		"cargo": "pv",
		"setor": "4449"
	},
	{
		"cargo": "pv",
		"setor": "4451"
	}
]